Town_ID,Town,Enabled,DateCaptured,CapturerID,DateModified,ModifierID,FallswithinMunicipality,TownCode,ProvinceID,Code
1,Unknown,1,2017-07-02 14:46:36.000,1,NULL,NULL,1,0,1,1
2,Butterworth,1,2017-07-02 14:46:36.000,1,NULL,NULL,1,4960,1,1
3,0,1,2017-07-02 14:46:36.000,1,NULL,NULL,1,0,1,1
4,Centane,1,2017-07-02 14:46:36.000,1,NULL,NULL,1,4960,1,1
5,NQAMAKWE p,1,2017-07-02 14:46:36.000,1,2022-10-25 11:16:43.097,1,1,4960,1,1
6,East London,1,2017-07-02 14:46:36.000,1,NULL,NULL,0,0,1,1
7,Quigney,1,2017-07-02 14:46:36.000,1,NULL,NULL,0,0,1,1
8,Bisho,1,2017-07-02 14:46:36.000,1,NULL,NULL,0,0,1,1
9,Fichardtpark,1,2017-07-02 14:46:36.000,1,NULL,NULL,0,0,1,1
10,Beacon Bay,1,2017-07-02 14:46:36.000,1,NULL,NULL,0,0,1,1
11,Qamata,1,2017-07-02 14:46:36.000,1,NULL,NULL,0,0,1,1
12,Port Elizabeth,1,2017-07-02 14:46:36.000,1,NULL,NULL,0,0,1,1
13,Mthatha,1,2017-07-02 14:46:36.000,1,NULL,NULL,0,0,1,1
14,East London Nahoon,1,2017-07-02 14:46:36.000,1,NULL,NULL,0,0,1,1
15,Gunubie,1,2017-07-02 14:46:36.000,1,NULL,NULL,0,0,1,1
16,Gonubie,1,2017-07-02 14:46:36.000,1,NULL,NULL,0,0,1,1
17,Umtata,1,2017-07-02 14:46:36.000,1,NULL,NULL,0,0,1,1
18,Kwelera,1,2017-07-02 14:46:36.000,1,NULL,NULL,0,0,1,1
19,Nahoon East London,1,2017-07-02 14:46:36.000,1,NULL,NULL,0,0,1,1
20,Ferndale Randburg,1,2017-07-02 14:46:36.000,1,NULL,NULL,0,0,1,1
21,Sandton,1,2017-07-02 14:46:37.000,1,NULL,NULL,0,0,1,1
22,Cape Town,1,2017-07-02 14:46:37.000,1,NULL,NULL,0,0,1,1
23,Dutywa,1,2017-07-02 14:46:37.000,1,NULL,NULL,0,0,1,1
24,B,1,2017-07-02 14:46:37.000,1,NULL,NULL,0,0,1,1
25,Pretoria,1,2017-07-02 14:46:37.000,1,NULL,NULL,0,0,1,1
26,St Francis Bay,1,2017-07-02 14:46:37.000,1,NULL,NULL,0,0,1,1
27,Chempet,1,2017-07-02 14:46:37.000,1,NULL,NULL,0,0,1,1
28,Halfway House,1,2017-07-02 14:46:37.000,1,NULL,NULL,0,0,1,1
29,Tsomo,1,2017-07-02 14:46:37.000,1,NULL,NULL,0,0,1,1
30,Tsolo,1,2017-07-02 14:46:37.000,1,NULL,NULL,0,0,1,1
31,Montana,1,2017-07-02 14:46:37.000,1,NULL,NULL,0,0,1,1
32,Greenbushes,1,2017-07-02 14:46:37.000,1,NULL,NULL,0,0,1,1
33,Katlehong,1,2017-07-02 14:46:37.000,1,NULL,NULL,0,0,1,1
34,Msobomvu,1,2017-07-02 14:46:37.000,1,NULL,NULL,0,0,1,1
35,Vigisville,1,2017-07-02 14:46:37.000,1,NULL,NULL,0,0,1,1
36,Regent Park,1,2017-07-02 14:46:37.000,1,NULL,NULL,0,0,1,1
37,Ndabakazi Post Office,1,2017-07-02 14:46:37.000,1,NULL,NULL,0,0,1,1
38,Avenue,1,2017-07-02 14:46:37.000,1,NULL,NULL,0,0,1,1
39,Ixopo,1,2017-07-02 14:46:37.000,1,NULL,NULL,0,0,1,1
40,Engcobo,1,2017-07-02 14:46:37.000,1,NULL,NULL,0,0,1,1
41,Greennacres,1,2017-07-02 14:46:37.000,1,NULL,NULL,0,0,1,1
42,Tygerberg,1,2017-07-02 14:46:37.000,1,NULL,NULL,0,0,1,1
43,Rosebank,1,2017-07-02 14:46:37.000,1,NULL,NULL,0,0,1,1
44,Eadt London,1,2017-07-02 14:46:37.000,1,NULL,NULL,0,0,1,1
45,Eastlondon,1,2017-07-02 14:46:37.000,1,NULL,NULL,0,0,1,1
46,Idutywa,1,2017-07-02 14:46:37.000,1,NULL,NULL,0,0,1,1
47,Bishi,1,2017-07-02 14:46:37.000,1,NULL,NULL,0,0,1,1
48,Bosho,1,2017-07-02 14:46:37.000,1,NULL,NULL,0,0,1,1
49,Durban Lalucia,1,2017-07-02 14:46:37.000,1,NULL,NULL,0,0,1,1
50,Eaast London,1,2017-07-02 14:46:37.000,1,NULL,NULL,0,0,1,1
51,Est London,1,2017-07-02 14:46:37.000,1,NULL,NULL,0,0,1,1
52,East Lodonn,1,2017-07-02 14:46:37.000,1,NULL,NULL,0,0,1,1
53,Eas Londont,1,2017-07-02 14:46:37.000,1,NULL,NULL,0,0,1,1
54,Butterwortheast London,1,2017-07-02 14:46:37.000,1,NULL,NULL,0,0,1,1
55,Southernwood,1,2017-07-02 14:46:37.000,1,NULL,NULL,0,0,1,1
56,Willowvale,1,2017-07-02 14:46:37.000,1,NULL,NULL,0,0,1,1
57,King Williams Town,1,2017-07-02 14:46:37.000,1,NULL,NULL,0,0,1,1
58,Mutual Park,1,2017-07-02 14:46:37.000,1,NULL,NULL,0,0,1,1
59,Benmore,1,2017-07-02 14:46:37.000,1,NULL,NULL,0,0,1,1
60,Grahamstown,1,2017-07-02 14:46:37.000,1,NULL,NULL,0,0,1,1
61,East London Kwelera,1,2017-07-02 14:46:37.000,1,NULL,NULL,0,0,1,1
62,Elliotdale,1,2017-07-02 14:46:37.000,1,NULL,NULL,0,0,1,1
63,Bishio,1,2017-07-02 14:46:37.000,1,NULL,NULL,0,0,1,1
64,Bisho 5606,1,2017-07-02 14:46:37.000,1,NULL,NULL,0,0,1,1
65,Sea Point,1,2017-07-02 14:46:37.000,1,NULL,NULL,0,0,1,1
66,Wendywood,1,2017-07-02 14:46:37.000,1,NULL,NULL,0,0,1,1
67,Macassar,1,2017-07-02 14:46:37.000,1,NULL,NULL,0,0,1,1
68,Ngqamakwe,1,2017-07-02 14:46:37.000,1,NULL,NULL,0,0,1,1
69,Hermanus,1,2017-07-02 14:46:37.000,1,NULL,NULL,0,0,1,1
70,Komga,1,2017-07-02 14:46:37.000,1,NULL,NULL,0,0,1,1
71,Butterwoth,1,2017-07-02 14:46:37.000,1,NULL,NULL,0,0,1,1
72,P O Box 161,1,2017-07-02 14:46:37.000,1,NULL,NULL,0,0,1,1
73,Siyanda Squarter Camp,1,2017-07-02 14:46:37.000,1,NULL,NULL,0,0,1,1
74,Sokapase A/A,1,2017-07-02 14:46:37.000,1,NULL,NULL,0,0,1,1
75,40 Robinson Street,1,2017-07-02 14:46:37.000,1,NULL,NULL,0,0,1,1
76,P O Box 36,1,2017-07-02 14:46:37.000,1,NULL,NULL,0,0,1,1
77,2771 Cuba,1,2017-07-02 14:46:37.000,1,NULL,NULL,0,0,1,1
78,P O Box 1023,1,2017-07-02 14:46:37.000,1,NULL,NULL,0,0,1,1
79,Willowvalle,1,2017-07-02 14:46:37.000,1,NULL,NULL,0,0,1,1
80,P.O. Box 65,1,2017-07-02 14:46:37.000,1,NULL,NULL,0,0,1,1
81,P O Box 822,1,2017-07-02 14:46:37.000,1,NULL,NULL,0,0,1,1
82,Centuli A/A,1,2017-07-02 14:46:37.000,1,NULL,NULL,0,0,1,1
83,1313 Mcubakazi,1,2017-07-02 14:46:37.000,1,NULL,NULL,0,0,1,1
84,1131 Mcubakazi T/Ship,1,2017-07-02 14:46:37.000,1,NULL,NULL,0,0,1,1
85,Ndabakazi,1,2017-07-02 14:46:37.000,1,NULL,NULL,0,0,1,1
86,P O Box 7,1,2017-07-02 14:46:37.000,1,NULL,NULL,0,0,1,1
87,P O Box 588,1,2017-07-02 14:46:37.000,1,NULL,NULL,0,0,1,1
88,2066 Nu 14,1,2017-07-02 14:46:37.000,1,NULL,NULL,0,0,1,1
89,Mission A/A,1,2017-07-02 14:46:37.000,1,NULL,NULL,0,0,1,1
90,37 Siyanda Squatter Camp,1,2017-07-02 14:46:37.000,1,NULL,NULL,0,0,1,1
91,86 A Chamberlain Road,1,2017-07-02 14:46:37.000,1,NULL,NULL,0,0,1,1
92,1745  Mchubakazi T/Ship,1,2017-07-02 14:46:37.000,1,NULL,NULL,0,0,1,1
93,Tikitiki A/A,1,2017-07-02 14:46:37.000,1,NULL,NULL,0,0,1,1
94,7748 Zizamele,1,2017-07-02 14:46:37.000,1,NULL,NULL,0,0,1,1
95,P O Box 1393,1,2017-07-02 14:46:37.000,1,NULL,NULL,0,0,1,1
96,Doti Location,1,2017-07-02 14:46:37.000,1,NULL,NULL,0,0,1,1
97,Govan Mbeki Location,1,2017-07-02 14:46:37.000,1,NULL,NULL,0,0,1,1
98,Vuli Valley,1,2017-07-02 14:46:37.000,1,NULL,NULL,0,0,1,1
99,Mnquma,1,2017-07-02 14:46:37.000,1,NULL,NULL,0,0,1,1
100,P/Bag X 3006,1,2017-07-02 14:46:37.000,1,NULL,NULL,0,0,1,1
101,714 Msobomvu T/Ship,1,2017-07-02 14:46:37.000,1,NULL,NULL,0,0,1,1
102,221 Ibeka,1,2017-07-02 14:46:37.000,1,NULL,NULL,0,0,1,1
103,Bongweni Admin Area,1,2017-07-02 14:46:37.000,1,NULL,NULL,0,0,1,1
104,5878 Ext 15,1,2017-07-02 14:46:37.000,1,NULL,NULL,0,0,1,1
105,859 Ibika,1,2017-07-02 14:46:37.000,1,NULL,NULL,0,0,1,1
106,610 Msobomvu Township,1,2017-07-02 14:46:37.000,1,NULL,NULL,0,0,1,1
107,1886 Mcubakazi,1,2017-07-02 14:46:37.000,1,NULL,NULL,0,0,1,1
108,1962 Mcubakazi,1,2017-07-02 14:46:37.000,1,NULL,NULL,0,0,1,1
109,1027 Mcubakazi,1,2017-07-02 14:46:37.000,1,NULL,NULL,0,0,1,1
110,561 Msobomvu,1,2017-07-02 14:46:37.000,1,NULL,NULL,0,0,1,1
111,P.O.Box,1,2017-07-02 14:46:37.000,1,NULL,NULL,0,0,1,1
112,P.O.Box,1,2017-07-02 14:46:37.000,1,NULL,NULL,0,0,1,1
113,Zizamele,1,2017-07-02 14:46:37.000,1,NULL,NULL,0,0,1,1
114,100031 Cuba,1,2017-07-02 14:46:37.000,1,NULL,NULL,0,0,1,1
115,Wesley Street,1,2017-07-02 14:46:37.000,1,NULL,NULL,0,0,1,1
116,291 Msobomvu,1,2017-07-02 14:46:37.000,1,NULL,NULL,0,0,1,1
117,Zagwityi A/A,1,2017-07-02 14:46:37.000,1,NULL,NULL,0,0,1,1
118,35 Ext 14,1,2017-07-02 14:46:37.000,1,NULL,NULL,0,0,1,1
119,1616 Msobomvu Township,1,2017-07-02 14:46:37.000,1,NULL,NULL,0,0,1,1
120,1470 Msobomvu,1,2017-07-02 14:46:37.000,1,NULL,NULL,0,0,1,1
121,395 Ibika,1,2017-07-02 14:46:37.000,1,NULL,NULL,0,0,1,1
122,2145 Cuba Township,1,2017-07-02 14:46:37.000,1,NULL,NULL,0,0,1,1
123,Mc Clenaghaan Ext,1,2017-07-02 14:46:37.000,1,NULL,NULL,0,0,1,1
124,405 Chris Hani Park,1,2017-07-02 14:46:37.000,1,NULL,NULL,0,0,1,1
125,May Street,1,2017-07-02 14:46:37.000,1,NULL,NULL,0,0,1,1
126,4790 N U 2 Mdantsane,1,2017-07-02 14:46:37.000,1,NULL,NULL,0,0,1,1
127,Mcubakazi Township,1,2017-07-02 14:46:37.000,1,NULL,NULL,0,0,1,1
128,Msobomvu Township,1,2017-07-02 14:46:37.000,1,NULL,NULL,0,0,1,1
129,40 Blank Street,1,2017-07-02 14:46:37.000,1,NULL,NULL,0,0,1,1
130,Macube A/A,1,2017-07-02 14:46:37.000,1,NULL,NULL,0,0,1,1
131,316 Ibika,1,2017-07-02 14:46:37.000,1,NULL,NULL,0,0,1,1
132,7637 Zizamele Location,1,2017-07-02 14:46:37.000,1,NULL,NULL,0,0,1,1
133,Nofikile Admin Area,1,2017-07-02 14:46:37.000,1,NULL,NULL,0,0,1,1
134,Zangwa A/A,1,2017-07-02 14:46:37.000,1,NULL,NULL,0,0,1,1
135,Hintsa Street,1,2017-07-02 14:46:37.000,1,NULL,NULL,0,0,1,1
136,P O Box 61,1,2017-07-02 14:46:37.000,1,NULL,NULL,0,0,1,1
137,108 Ibika Township,1,2017-07-02 14:46:37.000,1,NULL,NULL,0,0,1,1
138,Ndabakazi Location,1,2017-07-02 14:46:37.000,1,NULL,NULL,0,0,1,1
139,Ezolo A/A,1,2017-07-02 14:46:37.000,1,NULL,NULL,0,0,1,1
140,Ndabakazi A/A,1,2017-07-02 14:46:37.000,1,NULL,NULL,0,0,1,1
141,Toleni A/A,1,2017-07-02 14:46:37.000,1,NULL,NULL,0,0,1,1
142,Qhina A/A,1,2017-07-02 14:46:37.000,1,NULL,NULL,0,0,1,1
143,150 Msobomvu Township,1,2017-07-02 14:46:37.000,1,NULL,NULL,0,0,1,1
144,P.O. Box 171,1,2017-07-02 14:46:37.000,1,NULL,NULL,0,0,1,1
145,P.O. Box 94,1,2017-07-02 14:46:37.000,1,NULL,NULL,0,0,1,1
146,P.O. Box 465,1,2017-07-02 14:46:37.000,1,NULL,NULL,0,0,1,1
147,Teko Springs A/A,1,2017-07-02 14:46:37.000,1,NULL,NULL,0,0,1,1
148,Flat 15 Room 07,1,2017-07-02 14:46:37.000,1,NULL,NULL,0,0,1,1
149,99 Extension 7,1,2017-07-02 14:46:37.000,1,NULL,NULL,0,0,1,1
150,Mount Frere,1,2017-07-02 14:46:37.000,1,NULL,NULL,0,0,1,1
151,Qina A/A,1,2017-07-02 14:46:37.000,1,NULL,NULL,0,0,1,1
152,P.O. Box 79,1,2017-07-02 14:46:37.000,1,NULL,NULL,0,0,1,1
153,1943 Cuba,1,2017-07-02 14:46:37.000,1,NULL,NULL,0,0,1,1
154,Holela A/A,1,2017-07-02 14:46:37.000,1,NULL,NULL,0,0,1,1
155,Qholora,1,2017-07-02 14:46:37.000,1,NULL,NULL,0,0,1,1
156,Sokapase A/A,1,2017-07-02 14:46:37.000,1,NULL,NULL,0,0,1,1
157,2156 Cuba T/Ship,1,2017-07-02 14:46:37.000,1,NULL,NULL,0,0,1,1
158,Izagwity A/A,1,2017-07-02 14:46:37.000,1,NULL,NULL,0,0,1,1
159,Cuba Township,1,2017-07-02 14:46:37.000,1,NULL,NULL,0,0,1,1
160,Sinamva Store,1,2017-07-02 14:46:37.000,1,NULL,NULL,0,0,1,1
161,Elucwece A/A,1,2017-07-02 14:46:37.000,1,NULL,NULL,0,0,1,1
162,57 Kntane Road,1,2017-07-02 14:46:37.000,1,NULL,NULL,0,0,1,1
163,Mgomanzi A/A,1,2017-07-02 14:46:37.000,1,NULL,NULL,0,0,1,1
164,755 Msobomvu T/Ship,1,2017-07-02 14:46:37.000,1,NULL,NULL,0,0,1,1
165,Izagwityi A/A,1,2017-07-02 14:46:37.000,1,NULL,NULL,0,0,1,1
166,Ibika Township,1,2017-07-02 14:46:37.000,1,NULL,NULL,0,0,1,1
167,13 Newtown,1,2017-07-02 14:46:37.000,1,NULL,NULL,0,0,1,1
168,P O Box,1,2017-07-02 14:46:37.000,1,NULL,NULL,0,0,1,1
169,44 Old Pound,1,2017-07-02 14:46:37.000,1,NULL,NULL,0,0,1,1
170,1868 Mcubakazi,1,2017-07-02 14:46:37.000,1,NULL,NULL,0,0,1,1
171,Cofimvaba,1,2017-07-02 14:46:37.000,1,NULL,NULL,0,0,1,1
172,Ncora A/A,1,2017-07-02 14:46:37.000,1,NULL,NULL,0,0,1,1
173,1002 Mcubakazi,1,2017-07-02 14:46:37.000,1,NULL,NULL,0,0,1,1
174,471 Msobomvu Township,1,2017-07-02 14:46:37.000,1,NULL,NULL,0,0,1,1
175,74 Ibika Township,1,2017-07-02 14:46:37.000,1,NULL,NULL,0,0,1,1
176,Umthatha,1,2017-07-02 14:46:37.000,1,NULL,NULL,0,0,1,1
177,P.O. Box 44,1,2017-07-02 14:46:37.000,1,NULL,NULL,0,0,1,1
178,1724 Mcubakazi,1,2017-07-02 14:46:37.000,1,NULL,NULL,0,0,1,1
179,Ngomanzi A/A,1,2017-07-02 14:46:37.000,1,NULL,NULL,0,0,1,1
180,Tyinira A/A,1,2017-07-02 14:46:37.000,1,NULL,NULL,0,0,1,1
181,1823 Msobomvu Township,1,2017-07-02 14:46:37.000,1,NULL,NULL,0,0,1,1
182,1513 Msobomvu Township,1,2017-07-02 14:46:37.000,1,NULL,NULL,0,0,1,1
183,Ngqamakwe A/A,1,2017-07-02 14:46:37.000,1,NULL,NULL,0,0,1,1
184,Sihlabeni A/A,1,2017-07-02 14:46:37.000,1,NULL,NULL,0,0,1,1
185,Libode,1,2017-07-02 14:46:37.000,1,NULL,NULL,0,0,1,1
186,P.O.Box,1,2017-07-02 14:46:37.000,1,NULL,NULL,0,0,1,1
187,55 Blyth Street,1,2017-07-02 14:46:37.000,1,NULL,NULL,0,0,1,1
188,1998  Cuba Township,1,2017-07-02 14:46:37.000,1,NULL,NULL,0,0,1,1
189,57 Blyth Street,1,2017-07-02 14:46:37.000,1,NULL,NULL,0,0,1,1
190,Nofikile A/A,1,2017-07-02 14:46:37.000,1,NULL,NULL,0,0,1,1
191,4990,1,2017-07-02 14:46:37.000,1,NULL,NULL,0,0,1,1
192,Mnquma Area,1,2017-07-02 14:46:37.000,1,NULL,NULL,0,0,1,1
193,12 Msobomvu T/Ship,1,2017-07-02 14:46:37.000,1,NULL,NULL,0,0,1,1
194,Mnquma Area,1,2017-07-02 14:46:37.000,1,NULL,NULL,0,0,1,1
195,2012 Cuba T/Ship,1,2017-07-02 14:46:37.000,1,NULL,NULL,0,0,1,1
196,Mnquma Area,1,2017-07-02 14:46:37.000,1,NULL,NULL,0,0,1,1
197,P.O. Box 319,1,2017-07-02 14:46:37.000,1,NULL,NULL,0,0,1,1
198,2144 Cuba Township,1,2017-07-02 14:46:37.000,1,NULL,NULL,0,0,1,1
199,633 Msobomvu Township,1,2017-07-02 14:46:37.000,1,NULL,NULL,0,0,1,1
200,17 Ext 14,1,2017-07-02 14:46:37.000,1,NULL,NULL,0,0,1,1
201,Lower Mission,1,2017-07-02 14:46:37.000,1,NULL,NULL,0,0,1,1
202,Ngxalathi A/A,1,2017-07-02 14:46:37.000,1,NULL,NULL,0,0,1,1
203,7309 Zizamele Town Ship,1,2017-07-02 14:46:37.000,1,NULL,NULL,0,0,1,1
204,Ndabakazi,1,2017-07-02 14:46:37.000,1,NULL,NULL,0,0,1,1
205,Magalakanqa Location,1,2017-07-02 14:46:37.000,1,NULL,NULL,0,0,1,1
206,6153 Ext 15,1,2017-07-02 14:46:37.000,1,NULL,NULL,0,0,1,1
207,70011 Cuba Flats,1,2017-07-02 14:46:37.000,1,NULL,NULL,0,0,1,1
208,2601 Cuba Township,1,2017-07-02 14:46:37.000,1,NULL,NULL,0,0,1,1
209,Butterworth,1,2017-07-02 14:46:37.000,1,NULL,NULL,0,0,1,1
210,95 Ibika T/Ship,1,2017-07-02 14:46:37.000,1,NULL,NULL,0,0,1,1
211,P O Box 320,1,2017-07-02 14:46:37.000,1,NULL,NULL,0,0,1,1
212,07 Nogela Lane,1,2017-07-02 14:46:37.000,1,NULL,NULL,0,0,1,1
213,Zithulele,1,2017-07-02 14:46:37.000,1,NULL,NULL,0,0,1,1
214,303 Ibika Township,1,2017-07-02 14:46:37.000,1,NULL,NULL,0,0,1,1
215,Mgcwe A/A,1,2017-07-02 14:46:37.000,1,NULL,NULL,0,0,1,1
216,Ganteaume Crescent,1,2017-07-02 14:46:37.000,1,NULL,NULL,0,0,1,1
217,Kentane,1,2017-07-02 14:46:37.000,1,NULL,NULL,0,0,1,1
218,Magiqweni A/A,1,2017-07-02 14:46:37.000,1,NULL,NULL,0,0,1,1
219,1333 Mcubakazi,1,2017-07-02 14:46:37.000,1,NULL,NULL,0,0,1,1
220,Tutura A/A,1,2017-07-02 14:46:37.000,1,NULL,NULL,0,0,1,1
221,Extansion,1,2017-07-02 14:46:37.000,1,NULL,NULL,0,0,1,1
222,Butetrworth,1,2017-07-02 14:46:37.000,1,NULL,NULL,0,0,1,1
223,Flat 4 Kayalami Flats,1,2017-07-02 14:46:37.000,1,NULL,NULL,0,0,1,1
224,766 Msobomvu Township,1,2017-07-02 14:46:37.000,1,NULL,NULL,0,0,1,1
225,2485 Cuba Township,1,2017-07-02 14:46:37.000,1,NULL,NULL,0,0,1,1
226,P O Box 6007,1,2017-07-02 14:46:37.000,1,NULL,NULL,0,0,1,1
227,Zimbane A/A,1,2017-07-02 14:46:37.000,1,NULL,NULL,0,0,1,1
228,Walter Sisulu University,1,2017-07-02 14:46:37.000,1,NULL,NULL,0,0,1,1
229,87  12Th Avenue,1,2017-07-02 14:46:37.000,1,NULL,NULL,0,0,1,1
230,6540 Ext 24,1,2017-07-02 14:46:38.000,1,NULL,NULL,0,0,1,1
231,44 Kiepersol Street,1,2017-07-02 14:46:38.000,1,NULL,NULL,0,0,1,1
232,27 Ries Avenue,1,2017-07-02 14:46:38.000,1,NULL,NULL,0,0,1,1
233,52 Robinson Street,1,2017-07-02 14:46:38.000,1,NULL,NULL,0,0,1,1
234,61 King Street,1,2017-07-02 14:46:38.000,1,NULL,NULL,0,0,1,1
235,2491 Msobomvu Township,1,2017-07-02 14:46:38.000,1,NULL,NULL,0,0,1,1
236,2312 Cuba Township,1,2017-07-02 14:46:38.000,1,NULL,NULL,0,0,1,1
237,24 Taylor Street,1,2017-07-02 14:46:38.000,1,NULL,NULL,0,0,1,1
238,7877 Nu3,1,2017-07-02 14:46:38.000,1,NULL,NULL,0,0,1,1
239,2084 Cuba Township,1,2017-07-02 14:46:38.000,1,NULL,NULL,0,0,1,1
240,No 12 Riverview,1,2017-07-02 14:46:38.000,1,NULL,NULL,0,0,1,1
241,1951 Msobomvu Township,1,2017-07-02 14:46:38.000,1,NULL,NULL,0,0,1,1
242,P/Bag 1022,1,2017-07-02 14:46:38.000,1,NULL,NULL,0,0,1,1
243,Centani Village,1,2017-07-02 14:46:38.000,1,NULL,NULL,0,0,1,1
244,Rolorha A/A,1,2017-07-02 14:46:38.000,1,NULL,NULL,0,0,1,1
245,Centane Village,1,2017-07-02 14:46:38.000,1,NULL,NULL,0,0,1,1
246,Nontshanga A/A,1,2017-07-02 14:46:38.000,1,NULL,NULL,0,0,1,1
247,Msento Location,1,2017-07-02 14:46:38.000,1,NULL,NULL,0,0,1,1
248,1132 Mcubakazi Township,1,2017-07-02 14:46:38.000,1,NULL,NULL,0,0,1,1
249,Zizamele Township,1,2017-07-02 14:46:38.000,1,NULL,NULL,0,0,1,1
250,D24 Msobomvu Flats,1,2017-07-02 14:46:38.000,1,NULL,NULL,0,0,1,1
251,Qobo-Qobo A/A,1,2017-07-02 14:46:38.000,1,NULL,NULL,0,0,1,1
252,Mnquma,1,2017-07-02 14:46:38.000,1,NULL,NULL,0,0,1,1
253,Magontsini A/A,1,2017-07-02 14:46:38.000,1,NULL,NULL,0,0,1,1
254,Rietfley,1,2017-07-02 14:46:38.000,1,NULL,NULL,0,0,1,1
255,Metuley A/A,1,2017-07-02 14:46:38.000,1,NULL,NULL,0,0,1,1
256,Mbashee Area,1,2017-07-02 14:46:38.000,1,NULL,NULL,0,0,1,1
257,Sinqumeni A/A,1,2017-07-02 14:46:38.000,1,NULL,NULL,0,0,1,1
258,Umlazi Township,1,2017-07-02 14:46:38.000,1,NULL,NULL,0,0,1,1
259,Umlazi,1,2017-07-02 14:46:38.000,1,NULL,NULL,0,0,1,1
260,Tikitiki A/A,1,2017-07-02 14:46:38.000,1,NULL,NULL,0,0,1,1
261,Mnyameni A/A,1,2017-07-02 14:46:38.000,1,NULL,NULL,0,0,1,1
262,Mnquma,1,2017-07-02 14:46:38.000,1,NULL,NULL,0,0,1,1
263,Izagwityi A/A,1,2017-07-02 14:46:38.000,1,NULL,NULL,0,0,1,1
264,364 Mcubakazi,1,2017-07-02 14:46:38.000,1,NULL,NULL,0,0,1,1
265,Mnquma Municipality,1,2017-07-02 14:46:38.000,1,NULL,NULL,0,0,1,1
266,Nontshinga A/A,1,2017-07-02 14:46:38.000,1,NULL,NULL,0,0,1,1
267,Mnquma Municipality,1,2017-07-02 14:46:38.000,1,NULL,NULL,0,0,1,1
268,492 Msobomvu,1,2017-07-02 14:46:38.000,1,NULL,NULL,0,0,1,1
269,Bawa Location,1,2017-07-02 14:46:38.000,1,NULL,NULL,0,0,1,1
270,Kentani,1,2017-07-02 14:46:38.000,1,NULL,NULL,0,0,1,1
271,Qoboqobo A/A,1,2017-07-02 14:46:38.000,1,NULL,NULL,0,0,1,1
272,Zizamele Township,1,2017-07-02 14:46:38.000,1,NULL,NULL,0,0,1,1
273,2115 Cuba Township,1,2017-07-02 14:46:38.000,1,NULL,NULL,0,0,1,1
274,Zizamele Township,1,2017-07-02 14:46:38.000,1,NULL,NULL,0,0,1,1
275,2163 Cuba Township,1,2017-07-02 14:46:38.000,1,NULL,NULL,0,0,1,1
276,Khayalethu Store,1,2017-07-02 14:46:38.000,1,NULL,NULL,0,0,1,1
277,Zagwityi Admin. Area,1,2017-07-02 14:46:38.000,1,NULL,NULL,0,0,1,1
278,164 Msobomvu Township,1,2017-07-02 14:46:38.000,1,NULL,NULL,0,0,1,1
279,2215 Cuba Township,1,2017-07-02 14:46:38.000,1,NULL,NULL,0,0,1,1
280,Port St Johns,1,2017-07-02 14:46:38.000,1,NULL,NULL,0,0,1,1
281,7576 Zizamele Township,1,2017-07-02 14:46:38.000,1,NULL,NULL,0,0,1,1
282,16 Park Homes,1,2017-07-02 14:46:38.000,1,NULL,NULL,0,0,1,1
283,2703  Cuba Township,1,2017-07-02 14:46:38.000,1,NULL,NULL,0,0,1,1
284,7230  Zizamele Township,1,2017-07-02 14:46:38.000,1,NULL,NULL,0,0,1,1
285,631 Msobomvu T/Ship,1,2017-07-02 14:46:38.000,1,NULL,NULL,0,0,1,1
286,No. 394 Ibika T/Ship,1,2017-07-02 14:46:38.000,1,NULL,NULL,0,0,1,1
287,5676 Vuli Valley,1,2017-07-02 14:46:38.000,1,NULL,NULL,0,0,1,1
288,104 Ndwandwa Street,1,2017-07-02 14:46:38.000,1,NULL,NULL,0,0,1,1
289,Butteworth,1,2017-07-02 14:46:38.000,1,NULL,NULL,0,0,1,1
290,6233 Vuli Valley,1,2017-07-02 14:46:38.000,1,NULL,NULL,0,0,1,1
291,2486 Cuba Township,1,2017-07-02 14:46:38.000,1,NULL,NULL,0,0,1,1
292,400 Msobomvu Township,1,2017-07-02 14:46:38.000,1,NULL,NULL,0,0,1,1
293,277 Ibika T/Ship,1,2017-07-02 14:46:38.000,1,NULL,NULL,0,0,1,1
294,2487 Cuba T/Ship,1,2017-07-02 14:46:38.000,1,NULL,NULL,0,0,1,1
295,Hebe Hebe A/A,1,2017-07-02 14:46:38.000,1,NULL,NULL,0,0,1,1
296,Tanga A/A,1,2017-07-02 14:46:38.000,1,NULL,NULL,0,0,1,1
297,19 Ries Avenue,1,2017-07-02 14:46:38.000,1,NULL,NULL,0,0,1,1
298,Po Box,1,2017-07-02 14:46:38.000,1,NULL,NULL,0,0,1,1
299,Siduli Street,1,2017-07-02 14:46:38.000,1,NULL,NULL,0,0,1,1
300,19 Nduli Cresent,1,2017-07-02 14:46:38.000,1,NULL,NULL,0,0,1,1
301,136 Ibika Township,1,2017-07-02 14:46:38.000,1,NULL,NULL,0,0,1,1
302,Hartely Qhina Street,1,2017-07-02 14:46:38.000,1,NULL,NULL,0,0,1,1
303,Nyanga,1,2017-07-02 14:46:38.000,1,NULL,NULL,0,0,1,1
304,Ngwenya Street,1,2017-07-02 14:46:38.000,1,NULL,NULL,0,0,1,1
305,Qucens Road,1,2017-07-02 14:46:38.000,1,NULL,NULL,0,0,1,1
306,Bell Street,1,2017-07-02 14:46:38.000,1,NULL,NULL,0,0,1,1
307,7822 Zizamele Township,1,2017-07-02 14:46:38.000,1,NULL,NULL,0,0,1,1
308,Flat 1 Room 6,1,2017-07-02 14:46:38.000,1,NULL,NULL,0,0,1,1
309,3 Ibika Township,1,2017-07-02 14:46:38.000,1,NULL,NULL,0,0,1,1
310,Ngxalathi Admin Area,1,2017-07-02 14:46:38.000,1,NULL,NULL,0,0,1,1
311,2494 Cuba Township,1,2017-07-02 14:46:38.000,1,NULL,NULL,0,0,1,1
312,Toleni Admin Area,1,2017-07-02 14:46:38.000,1,NULL,NULL,0,0,1,1
313,P.O. Box 195,1,2017-07-02 14:46:38.000,1,NULL,NULL,0,0,1,1
314,Queenstown,1,2017-07-02 14:46:38.000,1,NULL,NULL,0,0,1,1
315,36 Bonievale Street,1,2017-07-02 14:46:38.000,1,NULL,NULL,0,0,1,1
316,Bizana,1,2017-07-02 14:46:38.000,1,NULL,NULL,0,0,1,1
317,P O Box 210010,1,2017-07-02 14:46:38.000,1,NULL,NULL,0,0,1,1
318,Eastern Cape,1,2017-07-02 14:46:38.000,1,NULL,NULL,0,0,1,1
319,Tora Admin Area,1,2017-07-02 14:46:38.000,1,NULL,NULL,0,0,1,1
320,11 Sikithi Squatter Camp,1,2017-07-02 14:46:38.000,1,NULL,NULL,0,0,1,1
321,D3 Msobomvu Flats,1,2017-07-02 14:46:38.000,1,NULL,NULL,0,0,1,1
322,1581 Mcubakazi Township,1,2017-07-02 14:46:38.000,1,NULL,NULL,0,0,1,1
323,701 Ibika Township,1,2017-07-02 14:46:38.000,1,NULL,NULL,0,0,1,1
324,Mthattha,1,2017-07-02 14:46:38.000,1,NULL,NULL,0,0,1,1
325,13 Ntaba Street,1,2017-07-02 14:46:38.000,1,NULL,NULL,0,0,1,1
326,Mtuzula Stores,1,2017-07-02 14:46:38.000,1,NULL,NULL,0,0,1,1
327,1293 Mcubakazi Township,1,2017-07-02 14:46:38.000,1,NULL,NULL,0,0,1,1
328,2798 Cuba Township,1,2017-07-02 14:46:38.000,1,NULL,NULL,0,0,1,1
329,Reitspruit,1,2017-07-02 14:46:38.000,1,NULL,NULL,0,0,1,1
330,P.O. Box 385,1,2017-07-02 14:46:38.000,1,NULL,NULL,0,0,1,1
331,Ailce,1,2017-07-02 14:46:38.000,1,NULL,NULL,0,0,1,1
332,P.O. Box 1485,1,2017-07-02 14:46:38.000,1,NULL,NULL,0,0,1,1
333,30043 Msobomvu Township,1,2017-07-02 14:46:38.000,1,NULL,NULL,0,0,1,1
334,P.O. Box 456,1,2017-07-02 14:46:38.000,1,NULL,NULL,0,0,1,1
335,Po Box,1,2017-07-02 14:46:38.000,1,NULL,NULL,0,0,1,1
336,Bobb Street,1,2017-07-02 14:46:38.000,1,NULL,NULL,0,0,1,1
337,P.O. Box 219,1,2017-07-02 14:46:38.000,1,NULL,NULL,0,0,1,1
338,Mpenduza A/A,1,2017-07-02 14:46:38.000,1,NULL,NULL,0,0,1,1
339,Libode,1,2017-07-02 14:46:38.000,1,NULL,NULL,0,0,1,1
340,Zitatele A/A,1,2017-07-02 14:46:38.000,1,NULL,NULL,0,0,1,1
341,Ncerana A/A,1,2017-07-02 14:46:38.000,1,NULL,NULL,0,0,1,1
342,Upper Xume A/A,1,2017-07-02 14:46:38.000,1,NULL,NULL,0,0,1,1
343,Goodwood,1,2017-07-02 14:46:38.000,1,NULL,NULL,0,0,1,1
344,Edward Heights,1,2017-07-02 14:46:38.000,1,NULL,NULL,0,0,1,1
345,Cala,1,2017-07-02 14:46:38.000,1,NULL,NULL,0,0,1,1
346,P.O. Box,1,2017-07-02 14:46:38.000,1,NULL,NULL,0,0,1,1
347,Extension,1,2017-07-02 14:46:38.000,1,NULL,NULL,0,0,1,1
348,Nqamakhe,1,2017-07-02 14:46:38.000,1,NULL,NULL,0,0,1,1
349,P.O. Box,1,2017-07-02 14:46:38.000,1,NULL,NULL,0,0,1,1
350,P.O.Box,1,2017-07-02 14:46:38.000,1,NULL,NULL,0,0,1,1
351,Nomthunzi Store,1,2017-07-02 14:46:38.000,1,NULL,NULL,0,0,1,1
352,Private Bag X,1,2017-07-02 14:46:38.000,1,NULL,NULL,0,0,1,1
353,Zizamele Location,1,2017-07-02 14:46:38.000,1,NULL,NULL,0,0,1,1
354,Mchubakazi Township,1,2017-07-02 14:46:38.000,1,NULL,NULL,0,0,1,1
355,Mchubakazi,1,2017-07-02 14:46:38.000,1,NULL,NULL,0,0,1,1
356,P.O. Box,1,2017-07-02 14:46:38.000,1,NULL,NULL,0,0,1,1
357,Ceru Administrative Area,1,2017-07-02 14:46:38.000,1,NULL,NULL,0,0,1,1
358,Railway House,1,2017-07-02 14:46:38.000,1,NULL,NULL,0,0,1,1
359,Fitzpatrick,1,2017-07-02 14:46:38.000,1,NULL,NULL,0,0,1,1
360,Ndabakazi Admin Area,1,2017-07-02 14:46:38.000,1,NULL,NULL,0,0,1,1
361,Ext B,1,2017-07-02 14:46:38.000,1,NULL,NULL,0,0,1,1
362,Bungeni Squatter Camp,1,2017-07-02 14:46:38.000,1,NULL,NULL,0,0,1,1
363,Sokapase Adimn Area,1,2017-07-02 14:46:38.000,1,NULL,NULL,0,0,1,1
364,Sissols,1,2017-07-02 14:46:38.000,1,NULL,NULL,0,0,1,1
365,Fuller Street,1,2017-07-02 14:46:38.000,1,NULL,NULL,0,0,1,1
366,Cegcuwana Location,1,2017-07-02 14:46:38.000,1,NULL,NULL,0,0,1,1
367,Msobomvu Township,1,2017-07-02 14:46:38.000,1,NULL,NULL,0,0,1,1
368,Vulli Valley,1,2017-07-02 14:46:38.000,1,NULL,NULL,0,0,1,1
369,New Rest Location,1,2017-07-02 14:46:38.000,1,NULL,NULL,0,0,1,1
370,Ngcobo,1,2017-07-02 14:46:38.000,1,NULL,NULL,0,0,1,1
371,Mcubakazi Township,1,2017-07-02 14:46:38.000,1,NULL,NULL,0,0,1,1
372,Restom Avenue,1,2017-07-02 14:46:38.000,1,NULL,NULL,0,0,1,1
373,Mwanda Street,1,2017-07-02 14:46:38.000,1,NULL,NULL,0,0,1,1
374,Vullivalley,1,2017-07-02 14:46:38.000,1,NULL,NULL,0,0,1,1
375,Swift Crescent Road,1,2017-07-02 14:46:38.000,1,NULL,NULL,0,0,1,1
376,Mount Frere,1,2017-07-02 14:46:38.000,1,NULL,NULL,0,0,1,1
377,P.O. Box,1,2017-07-02 14:46:38.000,1,NULL,NULL,0,0,1,1
378,A Vincent Road,1,2017-07-02 14:46:38.000,1,NULL,NULL,0,0,1,1
379,Kwazakhele,1,2017-07-02 14:46:38.000,1,NULL,NULL,0,0,1,1
380,Boxongo Street,1,2017-07-02 14:46:38.000,1,NULL,NULL,0,0,1,1
381,Centani,1,2017-07-02 14:46:38.000,1,NULL,NULL,0,0,1,1
382,P/Bag X,1,2017-07-02 14:46:38.000,1,NULL,NULL,0,0,1,1
383,Coloured Township,1,2017-07-02 14:46:38.000,1,NULL,NULL,0,0,1,1
384,Cuba Flats,1,2017-07-02 14:46:38.000,1,NULL,NULL,0,0,1,1
385,Margate,1,2017-07-02 14:46:38.000,1,NULL,NULL,0,0,1,1
386,Lavenski Drive,1,2017-07-02 14:46:38.000,1,NULL,NULL,0,0,1,1
387,Mchubakazi Township,1,2017-07-02 14:46:38.000,1,NULL,NULL,0,0,1,1
388,Flagstaff,1,2017-07-02 14:46:38.000,1,NULL,NULL,0,0,1,1
389,No.  Msobomvu,1,2017-07-02 14:46:38.000,1,NULL,NULL,0,0,1,1
390,Mahlubini A/A,1,2017-07-02 14:46:38.000,1,NULL,NULL,0,0,1,1
391,Mcubakazi Location,1,2017-07-02 14:46:38.000,1,NULL,NULL,0,0,1,1
392,Plateau Breidbach,1,2017-07-02 14:46:38.000,1,NULL,NULL,0,0,1,1
393,B Msobomvu Flats,1,2017-07-02 14:46:38.000,1,NULL,NULL,0,0,1,1
394,Cuba Location,1,2017-07-02 14:46:38.000,1,NULL,NULL,0,0,1,1
395,Xilinxa A/A,1,2017-07-02 14:46:38.000,1,NULL,NULL,0,0,1,1
396,Seagull Street,1,2017-07-02 14:46:38.000,1,NULL,NULL,0,0,1,1
397,Mount Ayliff,1,2017-07-02 14:46:38.000,1,2022-10-10 11:24:07.423,1,0,4737,1,1
398,Aliwal North,1,2017-07-02 14:46:38.000,1,NULL,NULL,0,0,1,1
399,Dunca Street,1,2017-07-02 14:46:38.000,1,NULL,NULL,0,0,1,1
400,Zazulwana Administrative Area,1,2017-07-02 14:46:38.000,1,NULL,NULL,0,0,1,1
401,Nkqwiliso Street,1,2017-07-02 14:46:38.000,1,NULL,NULL,0,0,1,1
402,Madeira Street,1,2017-07-02 14:46:38.000,1,NULL,NULL,0,0,1,1
403,Qolora A/A,1,2017-07-02 14:46:38.000,1,NULL,NULL,0,0,1,1
404,Nu,1,2017-07-02 14:46:38.000,1,NULL,NULL,0,0,1,1
405,Qora A/A,1,2017-07-02 14:46:38.000,1,NULL,NULL,0,0,1,1
406,Cegcuwana A/A,1,2017-07-02 14:46:38.000,1,NULL,NULL,0,0,1,1
407,Macibe A/A,1,2017-07-02 14:46:38.000,1,NULL,NULL,0,0,1,1
408,400 Msobomvu Township,1,2017-07-02 14:46:38.000,1,NULL,NULL,0,0,1,1
409,Ntabankulu,1,2017-07-02 14:46:38.000,1,NULL,NULL,0,0,1,1
410,Erf  Main Street,1,2017-07-02 14:46:38.000,1,NULL,NULL,0,0,1,1
411,Nqamakwe,1,2017-07-02 14:46:38.000,1,NULL,NULL,0,0,1,1
412,Mtebele A/A,1,2017-07-02 14:46:38.000,1,NULL,NULL,0,0,1,1
413,5676 Vuli Valley,1,2017-07-02 14:46:38.000,1,NULL,NULL,0,0,1,1
414,1976 Cuba Township,1,2017-07-02 14:46:38.000,1,NULL,NULL,0,0,1,1
415,110024 Cuba Flats,1,2017-07-02 14:46:38.000,1,NULL,NULL,0,0,1,1
416,Ceru Admin Area,1,2017-07-02 14:46:38.000,1,NULL,NULL,0,0,1,1
417,Buttrworth,1,2017-07-02 14:46:38.000,1,NULL,NULL,0,0,1,1
418,847 Msobomvu Township,1,2017-07-02 14:46:38.000,1,NULL,NULL,0,0,1,1
419,Flat 18,1,2017-07-02 14:46:38.000,1,NULL,NULL,0,0,1,1
420,168 Msobomvu Township,1,2017-07-02 14:46:38.000,1,NULL,NULL,0,0,1,1
421,303 Msobomvu T/Ship,1,2017-07-02 14:46:38.000,1,NULL,NULL,0,0,1,1
422,66 Ries Avenue,1,2017-07-02 14:46:38.000,1,NULL,NULL,0,0,1,1
423,7670 Zizamele Township,1,2017-07-02 14:46:38.000,1,NULL,NULL,0,0,1,1
424,55 Coloured Township,1,2017-07-02 14:46:38.000,1,NULL,NULL,0,0,1,1
425,15 Woodlands Court,1,2017-07-02 14:46:38.000,1,NULL,NULL,0,0,1,1
426,5998 Vuli Valley,1,2017-07-02 14:46:38.000,1,NULL,NULL,0,0,1,1
427,2693 Cuba Township,1,2017-07-02 14:46:38.000,1,NULL,NULL,0,0,1,1
428,11 Msobomvu Township,1,2017-07-02 14:46:38.000,1,NULL,NULL,0,0,1,1
429,No.3 Bongweni,1,2017-07-02 14:46:38.000,1,NULL,NULL,0,0,1,1
430,No.14 Nogela Lane,1,2017-07-02 14:46:38.000,1,NULL,NULL,0,0,1,1
431,No.2 Zitulele Tpwnship,1,2017-07-02 14:46:38.000,1,NULL,NULL,0,0,1,1
432,606 Msobomvu T/Ship,1,2017-07-02 14:46:38.000,1,NULL,NULL,0,0,1,1
433,Robinson Street,1,2017-07-02 14:46:38.000,1,NULL,NULL,0,0,1,1
434,2218 Cuba,1,2017-07-02 14:46:38.000,1,NULL,NULL,0,0,1,1
435,Wsu Village,1,2017-07-02 14:46:38.000,1,NULL,NULL,0,0,1,1
436,43 Hintsa Street,1,2017-07-02 14:46:38.000,1,NULL,NULL,0,0,1,1
437,D  Msobomvu Flats,1,2017-07-02 14:46:38.000,1,NULL,NULL,0,0,1,1
438,Flat 11 A,1,2017-07-02 14:46:38.000,1,NULL,NULL,0,0,1,1
439,374 Ibika Township,1,2017-07-02 14:46:38.000,1,NULL,NULL,0,0,1,1
440,King Street,1,2017-07-02 14:46:38.000,1,NULL,NULL,0,0,1,1
441,1368 Mcubakazi T/Ship,1,2017-07-02 14:46:38.000,1,NULL,NULL,0,0,1,1
442,236 Ibika Location,1,2017-07-02 14:46:38.000,1,NULL,NULL,0,0,1,1
443,Mission Aa,1,2017-07-02 14:46:38.000,1,NULL,NULL,0,0,1,1
444,Mcubakazi T/Ship,1,2017-07-02 14:46:38.000,1,NULL,NULL,0,0,1,1
445,Extention 14,1,2017-07-02 14:46:38.000,1,NULL,NULL,0,0,1,1
446,Tholeni A/A,1,2017-07-02 14:46:38.000,1,NULL,NULL,0,0,1,1
447,Qoboqobo Admin Area,1,2017-07-02 14:46:38.000,1,NULL,NULL,0,0,1,1
448,Extension 14,1,2017-07-02 14:46:38.000,1,NULL,NULL,0,0,1,1
449,2005 Cuba Township,1,2017-07-02 14:46:38.000,1,NULL,NULL,0,0,1,1
450,5675 Vullivalley,1,2017-07-02 14:46:38.000,1,NULL,NULL,0,0,1,1
451,15 B Old Hospital Road,1,2017-07-02 14:46:38.000,1,NULL,NULL,0,0,1,1
452,Middledrift,1,2017-07-02 14:46:38.000,1,NULL,NULL,0,0,1,1
453,Cwaru Location,1,2017-07-02 14:46:38.000,1,NULL,NULL,0,0,1,1
454,Mawusheni Location,1,2017-07-02 14:46:38.000,1,NULL,NULL,0,0,1,1
455,Ibika Township,1,2017-07-02 14:46:38.000,1,NULL,NULL,0,0,1,1
456,1541 Msobomvu Township,1,2017-07-02 14:46:38.000,1,NULL,NULL,0,0,1,1
457,483 Msobomvu Township,1,2017-07-02 14:46:38.000,1,NULL,NULL,0,0,1,1
458,Macibe A/A,1,2017-07-02 14:46:38.000,1,NULL,NULL,0,0,1,1
459,Mdantsane,1,2017-07-02 14:46:38.000,1,NULL,NULL,0,0,1,1
460,Nu 14,1,2017-07-02 14:46:38.000,1,NULL,NULL,0,0,1,1
461,Tyamzashe Street,1,2017-07-02 14:46:38.000,1,NULL,NULL,0,0,1,1
462,7585 Zizamele Township,1,2017-07-02 14:46:38.000,1,NULL,NULL,0,0,1,1
463,904 Msobomvu Township,1,2017-07-02 14:46:38.000,1,NULL,NULL,0,0,1,1
464,Queenstown,1,2017-07-02 14:46:38.000,1,NULL,NULL,0,0,1,1
465,631 Msobomvu Township,1,2017-07-02 14:46:38.000,1,NULL,NULL,0,0,1,1
466,Komnga,1,2017-07-02 14:46:38.000,1,NULL,NULL,0,0,1,1
467,1 Chemically Street,1,2017-07-02 14:46:38.000,1,NULL,NULL,0,0,1,1
468,Extansion 2,1,2017-07-02 14:46:39.000,1,NULL,NULL,0,0,1,1
469,1634 Ext 9 Msobomvu T/Ship,1,2017-07-02 14:46:39.000,1,NULL,NULL,0,0,1,1
470,Ngqamakhwe,1,2017-07-02 14:46:39.000,1,NULL,NULL,0,0,1,1
471,Ngculu A/A,1,2017-07-02 14:46:39.000,1,NULL,NULL,0,0,1,1
472,Zizamele Township,1,2017-07-02 14:46:39.000,1,NULL,NULL,0,0,1,1
473,Ngede A/A,1,2017-07-02 14:46:39.000,1,NULL,NULL,0,0,1,1
474,Kentane,1,2017-07-02 14:46:39.000,1,NULL,NULL,0,0,1,1
475,Feni A/A,1,2017-07-02 14:46:39.000,1,NULL,NULL,0,0,1,1
476,Mcubakazi Township,1,2017-07-02 14:46:39.000,1,NULL,NULL,0,0,1,1
477,All Saints,1,2017-07-02 14:46:39.000,1,NULL,NULL,0,0,1,1
478,12 Woodlands Court,1,2017-07-02 14:46:39.000,1,NULL,NULL,0,0,1,1
479,46 Msobomvu Township,1,2017-07-02 14:46:39.000,1,NULL,NULL,0,0,1,1
480,Eastern Cape,1,2017-07-02 14:46:39.000,1,NULL,NULL,0,0,1,1
481,1735 Mcubakazi T/Ship,1,2017-07-02 14:46:39.000,1,NULL,NULL,0,0,1,1
482,Etshoveni A/A,1,2017-07-02 14:46:39.000,1,NULL,NULL,0,0,1,1
483,33 Nqadu Road,1,2017-07-02 14:46:39.000,1,NULL,NULL,0,0,1,1
484,No 6 Koyana Stree,1,2017-07-02 14:46:39.000,1,NULL,NULL,0,0,1,1
485,1732 Acorn Valley,1,2017-07-02 14:46:39.000,1,NULL,NULL,0,0,1,1
486,Rharhabe Road,1,2017-07-02 14:46:39.000,1,NULL,NULL,0,0,1,1
487,P.O. Box 141,1,2017-07-02 14:46:39.000,1,NULL,NULL,0,0,1,1
488,Rouley Street,1,2017-07-02 14:46:39.000,1,NULL,NULL,0,0,1,1
489,436 Ibika Township,1,2017-07-02 14:46:39.000,1,NULL,NULL,0,0,1,1
490,1 Fitzpatrick Street,1,2017-07-02 14:46:39.000,1,NULL,NULL,0,0,1,1
491,175  Ibika Township,1,2017-07-02 14:46:39.000,1,NULL,NULL,0,0,1,1
492,Qombolo A/A,1,2017-07-02 14:46:39.000,1,NULL,NULL,0,0,1,1
493,Flat 11B Room 4,1,2017-07-02 14:46:39.000,1,NULL,NULL,0,0,1,1
494,403 Ibika Township,1,2017-07-02 14:46:39.000,1,NULL,NULL,0,0,1,1
495,D Bungeni Camp,1,2017-07-02 14:46:39.000,1,NULL,NULL,0,0,1,1
496,Ibika,1,2017-07-02 14:46:39.000,1,NULL,NULL,0,0,1,1
497,191 Ibika T/Ship,1,2017-07-02 14:46:39.000,1,NULL,NULL,0,0,1,1
498,1865 Mcubakazi T/Ship,1,2017-07-02 14:46:39.000,1,NULL,NULL,0,0,1,1
499,11 Matutu Place,1,2017-07-02 14:46:39.000,1,NULL,NULL,0,0,1,1
500,Mbanga Flat,1,2017-07-02 14:46:39.000,1,NULL,NULL,0,0,1,1
501,Ext,1,2017-07-02 14:46:39.000,1,NULL,NULL,0,0,1,1
502,Po Box,1,2017-07-02 14:46:39.000,1,NULL,NULL,0,0,1,1
503,Room,1,2017-07-02 14:46:39.000,1,NULL,NULL,0,0,1,1
504,Kentani,1,2017-07-02 14:46:39.000,1,NULL,NULL,0,0,1,1
505,Po Box,1,2017-07-02 14:46:39.000,1,NULL,NULL,0,0,1,1
506,Mama Lane,1,2017-07-02 14:46:39.000,1,NULL,NULL,0,0,1,1
507,Ndabakazi,1,2017-07-02 14:46:39.000,1,NULL,NULL,0,0,1,1
508,Tholeni Location,1,2017-07-02 14:46:39.000,1,NULL,NULL,0,0,1,1
509,Ngcobo,1,2017-07-02 14:46:39.000,1,NULL,NULL,0,0,1,1
510,P.O Box,1,2017-07-02 14:46:39.000,1,NULL,NULL,0,0,1,1
511,Eastern Cape,1,2017-07-02 14:46:39.000,1,NULL,NULL,0,0,1,1
512,P.O. Box,1,2017-07-02 14:46:39.000,1,NULL,NULL,0,0,1,1
513,Monut Frere,1,2017-07-02 14:46:39.000,1,NULL,NULL,0,0,1,1
514,Ngwenyama A/A,1,2017-07-02 14:46:39.000,1,NULL,NULL,0,0,1,1
515,No.  Park Court,1,2017-07-02 14:46:39.000,1,NULL,NULL,0,0,1,1
516,Flat  Stirling Court,1,2017-07-02 14:46:39.000,1,NULL,NULL,0,0,1,1
517,Swallo Drive,1,2017-07-02 14:46:39.000,1,NULL,NULL,0,0,1,1
518,Mcubakazi,1,2017-07-02 14:46:39.000,1,NULL,NULL,0,0,1,1
519,Sihlabeni Store,1,2017-07-02 14:46:39.000,1,NULL,NULL,0,0,1,1
520,Erf  Nqamakhwe,1,2017-07-02 14:46:39.000,1,NULL,NULL,0,0,1,1
521,Holo Street,1,2017-07-02 14:46:39.000,1,NULL,NULL,0,0,1,1
522,Taleni Location,1,2017-07-02 14:46:39.000,1,NULL,NULL,0,0,1,1
523,Mhlakulo Admin Area,1,2017-07-02 14:46:39.000,1,NULL,NULL,0,0,1,1
524,Jejane Street,1,2017-07-02 14:46:39.000,1,NULL,NULL,0,0,1,1
525,Msobomvu Flats Dg,1,2017-07-02 14:46:39.000,1,NULL,NULL,0,0,1,1
526,Kotana A/A,1,2017-07-02 14:46:39.000,1,NULL,NULL,0,0,1,1
527,Cuba Flats,1,2017-07-02 14:46:39.000,1,NULL,NULL,0,0,1,1
528,Ngculu,1,2017-07-02 14:46:39.000,1,NULL,NULL,0,0,1,1
529,Zone,1,2017-07-02 14:46:39.000,1,NULL,NULL,0,0,1,1
530,Centani,1,2017-07-02 14:46:39.000,1,NULL,NULL,0,0,1,1
531,Mcothama A/A,1,2017-07-02 14:46:39.000,1,NULL,NULL,0,0,1,1
532,Extension,1,2017-07-02 14:46:39.000,1,NULL,NULL,0,0,1,1
533,Vully Vale,1,2017-07-02 14:46:39.000,1,NULL,NULL,0,0,1,1
534,Pilot Houses,1,2017-07-02 14:46:39.000,1,NULL,NULL,0,0,1,1
535,Mabovula Street,1,2017-07-02 14:46:39.000,1,NULL,NULL,0,0,1,1
536,No  Mnyani Street,1,2017-07-02 14:46:39.000,1,NULL,NULL,0,0,1,1
537,Mkiva A/A,1,2017-07-02 14:46:39.000,1,NULL,NULL,0,0,1,1
538,Jejene Street,1,2017-07-02 14:46:39.000,1,NULL,NULL,0,0,1,1
539,Ngcwalazi A/A,1,2017-07-02 14:46:39.000,1,NULL,NULL,0,0,1,1
540,Bushwillow,1,2017-07-02 14:46:39.000,1,NULL,NULL,0,0,1,1
541,Mkhwinti Location,1,2017-07-02 14:46:39.000,1,NULL,NULL,0,0,1,1
542,Bell Street,1,2017-07-02 14:46:39.000,1,NULL,NULL,0,0,1,1
543,Idutywa,1,2017-07-02 14:46:39.000,1,NULL,NULL,0,0,1,1
544,Khayelitsha,1,2017-07-02 14:46:39.000,1,NULL,NULL,0,0,1,1
545,Morning Star Drive,1,2017-07-02 14:46:39.000,1,NULL,NULL,0,0,1,1
546,Pumlani Flats,1,2017-07-02 14:46:39.000,1,NULL,NULL,0,0,1,1
547,P.O Box,1,2017-07-02 14:46:39.000,1,NULL,NULL,0,0,1,1
548,Extansion B,1,2017-07-02 14:46:39.000,1,NULL,NULL,0,0,1,1
549,Zingqayi A/A,1,2017-07-02 14:46:39.000,1,NULL,NULL,0,0,1,1
550,Vully Vellie,1,2017-07-02 14:46:39.000,1,NULL,NULL,0,0,1,1
551,Ngxalathi Aa,1,2017-07-02 14:46:39.000,1,NULL,NULL,0,0,1,1
552,Ulundi Flats,1,2017-07-02 14:46:39.000,1,NULL,NULL,0,0,1,1
553,Qora A/A,1,2017-07-02 14:46:39.000,1,NULL,NULL,0,0,1,1
554,Mission A/A,1,2017-07-02 14:46:39.000,1,NULL,NULL,0,0,1,1
555,Mnquma Area,1,2017-07-02 14:46:39.000,1,NULL,NULL,0,0,1,1
556,Qora A/A,1,2017-07-02 14:46:39.000,1,NULL,NULL,0,0,1,1
557,Mpeta A/A,1,2017-07-02 14:46:39.000,1,NULL,NULL,0,0,1,1
558,Qora A/A,1,2017-07-02 14:46:39.000,1,NULL,NULL,0,0,1,1
559,Msobomvu T/Ship,1,2017-07-02 14:46:39.000,1,NULL,NULL,0,0,1,1
560,Ngcisininde A/A,1,2017-07-02 14:46:39.000,1,NULL,NULL,0,0,1,1
561,Gunce A/A,1,2017-07-02 14:46:39.000,1,NULL,NULL,0,0,1,1
562,Nqamakhwe,1,2017-07-02 14:46:39.000,1,NULL,NULL,0,0,1,1
563,Ntshatshongo,1,2017-07-02 14:46:39.000,1,NULL,NULL,0,0,1,1
564,Mgcwe,1,2017-07-02 14:46:39.000,1,NULL,NULL,0,0,1,1
565,Dudumashe Admin Area,1,2017-07-02 14:46:39.000,1,NULL,NULL,0,0,1,1
566,Shaw Street,1,2017-07-02 14:46:39.000,1,NULL,NULL,0,0,1,1
567,655 Ibika T/Ship,1,2017-07-02 14:46:39.000,1,NULL,NULL,0,0,1,1
568,2417 Cuba Township,1,2017-07-02 14:46:39.000,1,NULL,NULL,0,0,1,1
569,Hlobo A/A,1,2017-07-02 14:46:39.000,1,NULL,NULL,0,0,1,1
570,Restom Ave,1,2017-07-02 14:46:39.000,1,NULL,NULL,0,0,1,1
571,1114 Cuba Flats,1,2017-07-02 14:46:39.000,1,NULL,NULL,0,0,1,1
572,Mpukane A/A,1,2017-07-02 14:46:39.000,1,NULL,NULL,0,0,1,1
573,Dudumashe A/A,1,2017-07-02 14:46:39.000,1,NULL,NULL,0,0,1,1
574,Hebe Hebe A/A,1,2017-07-02 14:46:39.000,1,NULL,NULL,0,0,1,1
575,2259 Cuba Township,1,2017-07-02 14:46:39.000,1,NULL,NULL,0,0,1,1
576,Njakazi Location,1,2017-07-02 14:46:39.000,1,NULL,NULL,0,0,1,1
577,Mpahlane Admin Area,1,2017-07-02 14:46:39.000,1,NULL,NULL,0,0,1,1
578,Mente A/A,1,2017-07-02 14:46:39.000,1,NULL,NULL,0,0,1,1
579,Stanford Crescent,1,2017-07-02 14:46:39.000,1,NULL,NULL,0,0,1,1
580,Mankihlana Location,1,2017-07-02 14:46:39.000,1,NULL,NULL,0,0,1,1
581,Kentane,1,2017-07-02 14:46:39.000,1,NULL,NULL,0,0,1,1
582,Macibe Location,1,2017-07-02 14:46:39.000,1,NULL,NULL,0,0,1,1
583,Centani,1,2017-07-02 14:46:39.000,1,NULL,NULL,0,0,1,1
584,"""Qolora """"C"""" A/A""",1,2017-07-02 14:46:39.000,1,NULL,NULL,0,0,1,1
585,Hebe Hebe A/A,1,2017-07-02 14:46:39.000,1,NULL,NULL,0,0,1,1
586,130017 Cuba Flats,1,2017-07-02 14:46:39.000,1,NULL,NULL,0,0,1,1
587,Mahlubin Location,1,2017-07-02 14:46:39.000,1,NULL,NULL,0,0,1,1
588,Ngquthu A/A,1,2017-07-02 14:46:39.000,1,NULL,NULL,0,0,1,1
589,D 31 Msobomvu Flats,1,2017-07-02 14:46:39.000,1,NULL,NULL,0,0,1,1
590,Cebe A/A,1,2017-07-02 14:46:39.000,1,NULL,NULL,0,0,1,1
591,Nqileni Location,1,2017-07-02 14:46:39.000,1,NULL,NULL,0,0,1,1
592,Chafutweni A/A,1,2017-07-02 14:46:39.000,1,NULL,NULL,0,0,1,1
593,Nyulula A/A,1,2017-07-02 14:46:39.000,1,NULL,NULL,0,0,1,1
594,Mtimtsilana A/A,1,2017-07-02 14:46:39.000,1,NULL,NULL,0,0,1,1
595,Kobonqaba A/A,1,2017-07-02 14:46:39.000,1,NULL,NULL,0,0,1,1
596,Teko Spring A/A,1,2017-07-02 14:46:39.000,1,NULL,NULL,0,0,1,1
597,7683 Zizamele,1,2017-07-02 14:46:39.000,1,NULL,NULL,0,0,1,1
598,Teko Location,1,2017-07-02 14:46:39.000,1,NULL,NULL,0,0,1,1
599,Cegcuwana A/A,1,2017-07-02 14:46:39.000,1,NULL,NULL,0,0,1,1
600,Nqusi A/A,1,2017-07-02 14:46:39.000,1,NULL,NULL,0,0,1,1
601,Toleni A/A,1,2017-07-02 14:46:39.000,1,NULL,NULL,0,0,1,1
602,Gobe A/A,1,2017-07-02 14:46:39.000,1,NULL,NULL,0,0,1,1
603,Ngwanxa Location,1,2017-07-02 14:46:39.000,1,NULL,NULL,0,0,1,1
604,Cegcuwana A/A/,1,2017-07-02 14:46:39.000,1,NULL,NULL,0,0,1,1
605,70020 Cuba Flats,1,2017-07-02 14:46:39.000,1,NULL,NULL,0,0,1,1
606,Mkhobeni Location,1,2017-07-02 14:46:39.000,1,NULL,NULL,0,0,1,1
607,Acacia Street,1,2017-07-02 14:46:39.000,1,NULL,NULL,0,0,1,1
608,Nontshinga,1,2017-07-02 14:46:39.000,1,NULL,NULL,0,0,1,1
609,Mpeta A/A,1,2017-07-02 14:46:39.000,1,NULL,NULL,0,0,1,1
610,Tanga A/A,1,2017-07-02 14:46:39.000,1,NULL,NULL,0,0,1,1
611,Kobonqaba A/A,1,2017-07-02 14:46:39.000,1,NULL,NULL,0,0,1,1
612,100017 Cuba Flats,1,2017-07-02 14:46:39.000,1,NULL,NULL,0,0,1,1
613,Hlobo A/A,1,2017-07-02 14:46:39.000,1,NULL,NULL,0,0,1,1
614,Zangwa Aa,1,2017-07-02 14:46:39.000,1,NULL,NULL,0,0,1,1
615,P.O Box,1,2017-07-02 14:46:39.000,1,NULL,NULL,0,0,1,1
616,P O Box,1,2017-07-02 14:46:39.000,1,NULL,NULL,0,0,1,1
617,Cuba Township,1,2017-07-02 14:46:39.000,1,NULL,NULL,0,0,1,1
618,Cuba Township,1,2017-07-02 14:46:39.000,1,NULL,NULL,0,0,1,1
619,P O Box,1,2017-07-02 14:46:39.000,1,NULL,NULL,0,0,1,1
620,Vulivalley,1,2017-07-02 14:46:39.000,1,NULL,NULL,0,0,1,1
621,Madiba Squarter Camp,1,2017-07-02 14:46:39.000,1,NULL,NULL,0,0,1,1
622,Ext B,1,2017-07-02 14:46:39.000,1,NULL,NULL,0,0,1,1
623,Extension,1,2017-07-02 14:46:39.000,1,NULL,NULL,0,0,1,1
624,Booi Farm,1,2017-07-02 14:46:39.000,1,NULL,NULL,0,0,1,1
625,P O Box,1,2017-07-02 14:46:39.000,1,NULL,NULL,0,0,1,1
626,R Mgomanzi A/A,1,2017-07-02 14:46:39.000,1,NULL,NULL,0,0,1,1
627,P O Box,1,2017-07-02 14:46:39.000,1,NULL,NULL,0,0,1,1
628,Sihlabeni Store,1,2017-07-02 14:46:39.000,1,NULL,NULL,0,0,1,1
629,Upper Ngcwazi A/A,1,2017-07-02 14:46:39.000,1,NULL,NULL,0,0,1,1
630,P.O. Box,1,2017-07-02 14:46:39.000,1,NULL,NULL,0,0,1,1
631,P.O.Box,1,2017-07-02 14:46:39.000,1,NULL,NULL,0,0,1,1
632,Butterworh,1,2017-07-02 14:46:39.000,1,NULL,NULL,0,0,1,1
633,P.O. Box,1,2017-07-02 14:46:39.000,1,NULL,NULL,0,0,1,1
634,Cegcuwana A/A,1,2017-07-02 14:46:39.000,1,NULL,NULL,0,0,1,1
635,P.O. Box,1,2017-07-02 14:46:39.000,1,NULL,NULL,0,0,1,1
636,Mtintsilana A/A,1,2017-07-02 14:46:39.000,1,NULL,NULL,0,0,1,1
637,Upper Mpenduza A/A,1,2017-07-02 14:46:39.000,1,NULL,NULL,0,0,1,1
638,Elukhanyisweni Store,1,2017-07-02 14:46:39.000,1,NULL,NULL,0,0,1,1
639,Dlepu A/A,1,2017-07-02 14:46:39.000,1,NULL,NULL,0,0,1,1
640,Nquthu A/A,1,2017-07-02 14:46:39.000,1,NULL,NULL,0,0,1,1
641,P.O. Box,1,2017-07-02 14:46:39.000,1,NULL,NULL,0,0,1,1
642,Nqamakwe,1,2017-07-02 14:46:39.000,1,NULL,NULL,0,0,1,1
643,Ncizele,1,2017-07-02 14:46:39.000,1,NULL,NULL,0,0,1,1
644,P.O. Box,1,2017-07-02 14:46:39.000,1,NULL,NULL,0,0,1,1
645,Butterowrth,1,2017-07-02 14:46:39.000,1,NULL,NULL,0,0,1,1
646,Nokhanyiso Cafe,1,2017-07-02 14:46:39.000,1,NULL,NULL,0,0,1,1
647,Qombolo B,1,2017-07-02 14:46:39.000,1,NULL,NULL,0,0,1,1
648,Takazi B,1,2017-07-02 14:46:39.000,1,NULL,NULL,0,0,1,1
649,Ncerana Store,1,2017-07-02 14:46:39.000,1,NULL,NULL,0,0,1,1
650,P.O. Box,1,2017-07-02 14:46:39.000,1,NULL,NULL,0,0,1,1
651,Room  Coloured Township,1,2017-07-02 14:46:39.000,1,NULL,NULL,0,0,1,1
652,Smuts Squarter Camp,1,2017-07-02 14:46:39.000,1,NULL,NULL,0,0,1,1
653,Centani,1,2017-07-02 14:46:39.000,1,NULL,NULL,0,0,1,1
654,Qolora,1,2017-07-02 14:46:39.000,1,NULL,NULL,0,0,1,1
655,Zitulele Township,1,2017-07-02 14:46:39.000,1,NULL,NULL,0,0,1,1
656,P.O. Box,1,2017-07-02 14:46:39.000,1,NULL,NULL,0,0,1,1
657,P.O. Box,1,2017-07-02 14:46:39.000,1,NULL,NULL,0,0,1,1
658,P.O. Box,1,2017-07-02 14:46:39.000,1,NULL,NULL,0,0,1,1
659,P.O. Box,1,2017-07-02 14:46:39.000,1,NULL,NULL,0,0,1,1
660,P.O. Box,1,2017-07-02 14:46:39.000,1,NULL,NULL,0,0,1,1
661,Siyanda Squater Camp,1,2017-07-02 14:46:39.000,1,NULL,NULL,0,0,1,1
662,P.O. Box,1,2017-07-02 14:46:39.000,1,NULL,NULL,0,0,1,1
663,Ponana Jss,1,2017-07-02 14:46:39.000,1,NULL,NULL,0,0,1,1
664,Centani,1,2017-07-02 14:46:39.000,1,NULL,NULL,0,0,1,1
665,P.O. Box,1,2017-07-02 14:46:39.000,1,NULL,NULL,0,0,1,1
666,Ncerane A/A,1,2017-07-02 14:46:39.000,1,NULL,NULL,0,0,1,1
667,Nosita Store,1,2017-07-02 14:46:39.000,1,NULL,NULL,0,0,1,1
668,Centani,1,2017-07-02 14:46:39.000,1,NULL,NULL,0,0,1,1
669,P.O. Box,1,2017-07-02 14:46:39.000,1,NULL,NULL,0,0,1,1
670,Centani,1,2017-07-02 14:46:39.000,1,NULL,NULL,0,0,1,1
671,Nokaya Store,1,2017-07-02 14:46:39.000,1,NULL,NULL,0,0,1,1
672,Cafutweni A/A,1,2017-07-02 14:46:39.000,1,NULL,NULL,0,0,1,1
673,Busila,1,2017-07-02 14:46:39.000,1,NULL,NULL,0,0,1,1
674,Centani,1,2017-07-02 14:46:39.000,1,NULL,NULL,0,0,1,1
675,Kantolo A/A,1,2017-07-02 14:46:39.000,1,NULL,NULL,0,0,1,1
676,Takazi Trading Store,1,2017-07-02 14:46:39.000,1,NULL,NULL,0,0,1,1
677,Masakane Cafe,1,2017-07-02 14:46:39.000,1,NULL,NULL,0,0,1,1
678,Nombanjana A/A,1,2017-07-02 14:46:39.000,1,NULL,NULL,0,0,1,1
679,P.O. Box,1,2017-07-02 14:46:39.000,1,NULL,NULL,0,0,1,1
680,P.O. Box,1,2017-07-02 14:46:39.000,1,NULL,NULL,0,0,1,1
681,Centani,1,2017-07-02 14:46:39.000,1,NULL,NULL,0,0,1,1
682,Nokaya Stoe,1,2017-07-02 14:46:39.000,1,NULL,NULL,0,0,1,1
683,D Ekuphumleni,1,2017-07-02 14:46:39.000,1,NULL,NULL,0,0,1,1
684,Kentane,1,2017-07-02 14:46:39.000,1,NULL,NULL,0,0,1,1
685,Gqunqe School,1,2017-07-02 14:46:39.000,1,NULL,NULL,0,0,1,1
686,F  Msobomvu T/Ship,1,2017-07-02 14:46:39.000,1,NULL,NULL,0,0,1,1
687,Siyanda Squater Camp,1,2017-07-02 14:46:39.000,1,NULL,NULL,0,0,1,1
688,Keipersol Street,1,2017-07-02 14:46:39.000,1,NULL,NULL,0,0,1,1
689,D Old Hospital Road,1,2017-07-02 14:46:39.000,1,NULL,NULL,0,0,1,1
690,P/Bag X,1,2017-07-02 14:46:39.000,1,NULL,NULL,0,0,1,1
691,Bawa Admin Area,1,2017-07-02 14:46:39.000,1,NULL,NULL,0,0,1,1
692,P.O. Mjamkhulu,1,2017-07-02 14:46:39.000,1,NULL,NULL,0,0,1,1
693,Zangwa A/A,1,2017-07-02 14:46:39.000,1,NULL,NULL,0,0,1,1
694,Suncity Store,1,2017-07-02 14:46:39.000,1,NULL,NULL,0,0,1,1
695,Nqamakwe,1,2017-07-02 14:46:39.000,1,NULL,NULL,0,0,1,1
696,P.O. Box,1,2017-07-02 14:46:39.000,1,NULL,NULL,0,0,1,1
697,Hlobo A/A,1,2017-07-02 14:46:39.000,1,NULL,NULL,0,0,1,1
698,Po Box,1,2017-07-02 14:46:39.000,1,NULL,NULL,0,0,1,1
699,Nolusapho Cafe,1,2017-07-02 14:46:39.000,1,NULL,NULL,0,0,1,1
700,Po Box,1,2017-07-02 14:46:39.000,1,NULL,NULL,0,0,1,1
701,P/Bag X,1,2017-07-02 14:46:39.000,1,NULL,NULL,0,0,1,1
702,Po Box,1,2017-07-02 14:46:39.000,1,NULL,NULL,0,0,1,1
703,Manyube Admin Area,1,2017-07-02 14:46:39.000,1,NULL,NULL,0,0,1,1
704,Bytterworth,1,2017-07-02 14:46:39.000,1,NULL,NULL,0,0,1,1
705,220,1,2017-07-02 14:46:39.000,1,NULL,NULL,0,0,1,1
706,P.O. Box,1,2017-07-02 14:46:39.000,1,NULL,NULL,0,0,1,1
707,P O Box,1,2017-07-02 14:46:40.000,1,NULL,NULL,0,0,1,1
708,Box,1,2017-07-02 14:46:40.000,1,NULL,NULL,0,0,1,1
709,53,1,2017-07-02 14:46:40.000,1,NULL,NULL,0,0,1,1
710,Centane,1,2017-07-02 14:46:40.000,1,NULL,NULL,0,0,1,1
711,20,1,2017-07-02 14:46:40.000,1,NULL,NULL,0,0,1,1
712,7,1,2017-07-02 14:46:40.000,1,NULL,NULL,0,0,1,1
713,200,1,2017-07-02 14:46:40.000,1,NULL,NULL,0,0,1,1
714,Ngunduza Store,1,2017-07-02 14:46:40.000,1,NULL,NULL,0,0,1,1
715,Zitulele Township,1,2017-07-02 14:46:40.000,1,NULL,NULL,0,0,1,1
716,Centane Road,1,2017-07-02 14:46:40.000,1,NULL,NULL,0,0,1,1
717,Po Box,1,2017-07-02 14:46:40.000,1,NULL,NULL,0,0,1,1
718,Butteroworth,1,2017-07-02 14:46:40.000,1,NULL,NULL,0,0,1,1
719,Private Bag X,1,2017-07-02 14:46:40.000,1,NULL,NULL,0,0,1,1
720,B.O.Box,1,2017-07-02 14:46:40.000,1,NULL,NULL,0,0,1,1
721,Ngqanda Box,1,2017-07-02 14:46:40.000,1,NULL,NULL,0,0,1,1
722,Zangwa Admin Area,1,2017-07-02 14:46:40.000,1,NULL,NULL,0,0,1,1
723,Toboyi Admin Area,1,2017-07-02 14:46:40.000,1,NULL,NULL,0,0,1,1
724,Nxokwana Location,1,2017-07-02 14:46:40.000,1,NULL,NULL,0,0,1,1
725,Ngxalathi Administrative Area,1,2017-07-02 14:46:40.000,1,NULL,NULL,0,0,1,1
726,Vuli-Valley,1,2017-07-02 14:46:40.000,1,NULL,NULL,0,0,1,1
727,Mbasa Jss,1,2017-07-02 14:46:40.000,1,NULL,NULL,0,0,1,1
728,Nofotyo A/A,1,2017-07-02 14:46:40.000,1,NULL,NULL,0,0,1,1
729,Mgagasi Location,1,2017-07-02 14:46:40.000,1,NULL,NULL,0,0,1,1
730,Godidi Aa,1,2017-07-02 14:46:40.000,1,NULL,NULL,0,0,1,1
731,Ntobeni Aa,1,2017-07-02 14:46:40.000,1,NULL,NULL,0,0,1,1
732,Rakwel Aa,1,2017-07-02 14:46:40.000,1,NULL,NULL,0,0,1,1
733,Qobo Qobo Aa,1,2017-07-02 14:46:40.000,1,NULL,NULL,0,0,1,1
734,Centane RD,1,2017-07-02 14:46:40.000,1,2019-01-21 14:44:11.630,2,0,0000,1,1
735,Po Box,1,2017-07-02 14:46:40.000,1,NULL,NULL,0,0,1,1
736,Tyinira Aa,1,2017-07-02 14:46:40.000,1,NULL,NULL,0,0,1,1
737,Cengcuwana Aa,1,2017-07-02 14:46:40.000,1,NULL,NULL,0,0,1,1
738,Dudumashe Aa,1,2017-07-02 14:46:40.000,1,NULL,NULL,0,0,1,1
739,Ndabakazi Aa,1,2017-07-02 14:46:40.000,1,NULL,NULL,0,0,1,1
740,D Msobomvu Township,1,2017-07-02 14:46:40.000,1,NULL,NULL,0,0,1,1
741,Ngede Admin Area,1,2017-07-02 14:46:40.000,1,NULL,NULL,0,0,1,1
742,Veldman Street,1,2017-07-02 14:46:40.000,1,NULL,NULL,0,0,1,1
743,Po Box,1,2017-07-02 14:46:40.000,1,NULL,NULL,0,0,1,1
744,Mente Administrative Area,1,2017-07-02 14:46:40.000,1,NULL,NULL,0,0,1,1
745,Buttreworth,1,2017-07-02 14:46:40.000,1,NULL,NULL,0,0,1,1
746,Centani Location,1,2017-07-02 14:46:40.000,1,NULL,NULL,0,0,1,1
747,Holela  Administrative Area,1,2017-07-02 14:46:40.000,1,NULL,NULL,0,0,1,1
748,Ngcisininde Admin Area,1,2017-07-02 14:46:40.000,1,NULL,NULL,0,0,1,1
749,Cegcuwana Village,1,2017-07-02 14:46:40.000,1,NULL,NULL,0,0,1,1
750,Teko Spring,1,2017-07-02 14:46:40.000,1,NULL,NULL,0,0,1,1
751,Zazulwana A/A,1,2017-07-02 14:46:40.000,1,NULL,NULL,0,0,1,1
752,Kentane,1,2017-07-02 14:46:40.000,1,NULL,NULL,0,0,1,1
753,Mcothana A/A,1,2017-07-02 14:46:40.000,1,NULL,NULL,0,0,1,1
754,Zazulwana Admin Area,1,2017-07-02 14:46:40.000,1,NULL,NULL,0,0,1,1
755,Ziqhamnganeni Location,1,2017-07-02 14:46:40.000,1,NULL,NULL,0,0,1,1
756,Toleni Aa,1,2017-07-02 14:46:40.000,1,NULL,NULL,0,0,1,1
757,Mpenduza Aa,1,2017-07-02 14:46:40.000,1,NULL,NULL,0,0,1,1
758,Centuli Aa,1,2017-07-02 14:46:40.000,1,NULL,NULL,0,0,1,1
759,Sisonke Township,1,2017-07-02 14:46:40.000,1,NULL,NULL,0,0,1,1
760,Flat  Room,1,2017-07-02 14:46:40.000,1,NULL,NULL,0,0,1,1
761,Mweli Jss,1,2017-07-02 14:46:40.000,1,NULL,NULL,0,0,1,1
762,Po Box,1,2017-07-02 14:46:40.000,1,NULL,NULL,0,0,1,1
763,Sikiti Squarter Camp,1,2017-07-02 14:46:40.000,1,NULL,NULL,0,0,1,1
764,Po Box,1,2017-07-02 14:46:40.000,1,NULL,NULL,0,0,1,1
765,Ndakana Aa,1,2017-07-02 14:46:40.000,1,NULL,NULL,0,0,1,1
766,Bungeni Temporals,1,2017-07-02 14:46:40.000,1,NULL,NULL,0,0,1,1
767,Msento Aa,1,2017-07-02 14:46:40.000,1,NULL,NULL,0,0,1,1
768,Nyuthura Aa,1,2017-07-02 14:46:40.000,1,NULL,NULL,0,0,1,1
769,Hebehebe Aa,1,2017-07-02 14:46:40.000,1,NULL,NULL,0,0,1,1
770,Nomaheya Aa,1,2017-07-02 14:46:40.000,1,NULL,NULL,0,0,1,1
771,Sikithi Squater Camp,1,2017-07-02 14:46:40.000,1,NULL,NULL,0,0,1,1
772,Feni Aa,1,2017-07-02 14:46:40.000,1,NULL,NULL,0,0,1,1
773,Bawa A/A,1,2017-07-02 14:46:40.000,1,NULL,NULL,0,0,1,1
774,Private Bag,1,2017-07-02 14:46:40.000,1,NULL,NULL,0,0,1,1
775,Ndabakazi,1,2017-07-02 14:46:40.000,1,NULL,NULL,0,0,1,1
776,Bhongolwethu Location,1,2017-07-02 14:46:40.000,1,NULL,NULL,0,0,1,1
777,P.O.Box,1,2017-07-02 14:46:40.000,1,NULL,NULL,0,0,1,1
778,Mhlehlane,1,2017-07-02 14:46:40.000,1,NULL,NULL,0,0,1,1
779,Ibika Area,1,2017-07-02 14:46:40.000,1,NULL,NULL,0,0,1,1
780,Zitulele Camps,1,2017-07-02 14:46:40.000,1,NULL,NULL,0,0,1,1
781,Tyinira,1,2017-07-02 14:46:40.000,1,NULL,NULL,0,0,1,1
782,Extension B,1,2017-07-02 14:46:40.000,1,NULL,NULL,0,0,1,1
783,Ngqaqini Aa,1,2017-07-02 14:46:40.000,1,NULL,NULL,0,0,1,1
784,Bungeni Squater Camp,1,2017-07-02 14:46:40.000,1,NULL,NULL,0,0,1,1
785,Dyam Dyam Aa,1,2017-07-02 14:46:40.000,1,NULL,NULL,0,0,1,1
786,Bawa Aa,1,2017-07-02 14:46:40.000,1,NULL,NULL,0,0,1,1
787,Mission Aa,1,2017-07-02 14:46:40.000,1,NULL,NULL,0,0,1,1
788,Centane Store,1,2017-07-02 14:46:40.000,1,NULL,NULL,0,0,1,1
789,Sikit Squater Camp,1,2017-07-02 14:46:40.000,1,NULL,NULL,0,0,1,1
790,Tobotshana Aa,1,2017-07-02 14:46:40.000,1,NULL,NULL,0,0,1,1
791,Smith Squarter Camp,1,2017-07-02 14:46:40.000,1,NULL,NULL,0,0,1,1
792,Zintukwini Location,1,2017-07-02 14:46:40.000,1,NULL,NULL,0,0,1,1
793,Kentane,1,2017-07-02 14:46:40.000,1,NULL,NULL,0,0,1,1
794,Nxokwana Aa,1,2017-07-02 14:46:40.000,1,NULL,NULL,0,0,1,1
795,Tutura Aa,1,2017-07-02 14:46:40.000,1,NULL,NULL,0,0,1,1
796,Bungeni Squarter Camp,1,2017-07-02 14:46:40.000,1,NULL,NULL,0,0,1,1
797,4960,1,2017-07-02 14:46:40.000,1,NULL,NULL,0,0,1,1
798,Lower Mission,1,2017-07-02 14:46:40.000,1,NULL,NULL,0,0,1,1
799,Sisonke Phase,1,2017-07-02 14:46:40.000,1,NULL,NULL,0,0,1,1
800,Dyam Dyam A/A,1,2017-07-02 14:46:40.000,1,NULL,NULL,0,0,1,1
801,Mangubomvu A/A,1,2017-07-02 14:46:40.000,1,NULL,NULL,0,0,1,1
802,Busila Aa,1,2017-07-02 14:46:40.000,1,NULL,NULL,0,0,1,1
803,Rwantsane,1,2017-07-02 14:46:40.000,1,NULL,NULL,0,0,1,1
804,Skiti Squata Camp,1,2017-07-02 14:46:40.000,1,NULL,NULL,0,0,1,1
805,Mbiza A/A,1,2017-07-02 14:46:40.000,1,NULL,NULL,0,0,1,1
806,Kentane,1,2017-07-02 14:46:40.000,1,NULL,NULL,0,0,1,1
807,Nowonga Store,1,2017-07-02 14:46:40.000,1,NULL,NULL,0,0,1,1
808,Kentane,1,2017-07-02 14:46:40.000,1,NULL,NULL,0,0,1,1
809,Bekinkosi Jss,1,2017-07-02 14:46:40.000,1,NULL,NULL,0,0,1,1
810,Lahlangubo A/A,1,2017-07-02 14:46:40.000,1,NULL,NULL,0,0,1,1
811,Tobotshana A/A,1,2017-07-02 14:46:40.000,1,NULL,NULL,0,0,1,1
812,Mpukane,1,2017-07-02 14:46:40.000,1,NULL,NULL,0,0,1,1
813,P.O.Box,1,2017-07-02 14:46:40.000,1,NULL,NULL,0,0,1,1
814,Squater Camp,1,2017-07-02 14:46:40.000,1,NULL,NULL,0,0,1,1
815,Kentane,1,2017-07-02 14:46:40.000,1,NULL,NULL,0,0,1,1
816,Pikinini Store,1,2017-07-02 14:46:40.000,1,NULL,NULL,0,0,1,1
817,Mcothama A/A,1,2017-07-02 14:46:40.000,1,NULL,NULL,0,0,1,1
818,Toboyi Location,1,2017-07-02 14:46:40.000,1,NULL,NULL,0,0,1,1
819,Mgagasi A/A,1,2017-07-02 14:46:40.000,1,NULL,NULL,0,0,1,1
820,Emgcwe A/A,1,2017-07-02 14:46:40.000,1,NULL,NULL,0,0,1,1
821,D Simunye,1,2017-07-02 14:46:40.000,1,NULL,NULL,0,0,1,1
822,Nobanda A/A,1,2017-07-02 14:46:40.000,1,NULL,NULL,0,0,1,1
823,Nyityaba A/A,1,2017-07-02 14:46:40.000,1,NULL,NULL,0,0,1,1
824,Mpukane Aa,1,2017-07-02 14:46:40.000,1,NULL,NULL,0,0,1,1
825,Empumalanga Jss,1,2017-07-02 14:46:40.000,1,NULL,NULL,0,0,1,1
826,Ndakana Aa,1,2017-07-02 14:46:40.000,1,NULL,NULL,0,0,1,1
827,B Siyanda Squater Camp,1,2017-07-02 14:46:40.000,1,NULL,NULL,0,0,1,1
828,Cafutweni Aa,1,2017-07-02 14:46:40.000,1,NULL,NULL,0,0,1,1
829,Tanga Aa,1,2017-07-02 14:46:40.000,1,NULL,NULL,0,0,1,1
830,Hlobo Aa,1,2017-07-02 14:46:40.000,1,NULL,NULL,0,0,1,1
831,Emaxelegwini Aa,1,2017-07-02 14:46:40.000,1,NULL,NULL,0,0,1,1
832,Kentane,1,2017-07-02 14:46:40.000,1,NULL,NULL,0,0,1,1
833,Siseko Jss,1,2017-07-02 14:46:40.000,1,NULL,NULL,0,0,1,1
834,Ngede Aa,1,2017-07-02 14:46:40.000,1,NULL,NULL,0,0,1,1
835,B Pumlani Squater Camp,1,2017-07-02 14:46:40.000,1,NULL,NULL,0,0,1,1
836,Centuli Store,1,2017-07-02 14:46:40.000,1,NULL,NULL,0,0,1,1
837,Mcothama Aa,1,2017-07-02 14:46:40.000,1,NULL,NULL,0,0,1,1
838,Ndabakazi,1,2017-07-02 14:46:40.000,1,NULL,NULL,0,0,1,1
839,Vela Store,1,2017-07-02 14:46:40.000,1,NULL,NULL,0,0,1,1
840,Madiba,1,2017-07-02 14:46:40.000,1,NULL,NULL,0,0,1,1
841,Ngede A/A,1,2017-07-02 14:46:40.000,1,NULL,NULL,0,0,1,1
842,Kwentani,1,2017-07-02 14:46:40.000,1,NULL,NULL,0,0,1,1
843,Jakaranda Cafe,1,2017-07-02 14:46:40.000,1,NULL,NULL,0,0,1,1
844,Toboyi,1,2017-07-02 14:46:40.000,1,NULL,NULL,0,0,1,1
845,Mcothama Aa,1,2017-07-02 14:46:40.000,1,NULL,NULL,0,0,1,1
846,Mcothama,1,2017-07-02 14:46:40.000,1,NULL,NULL,0,0,1,1
847,Mcothama A/A,1,2017-07-02 14:46:40.000,1,NULL,NULL,0,0,1,1
848,Qobo Qobo Location,1,2017-07-02 14:46:40.000,1,NULL,NULL,0,0,1,1
849,Tutura A/A,1,2017-07-02 14:46:40.000,1,NULL,NULL,0,0,1,1
850,Mqube Location,1,2017-07-02 14:46:40.000,1,NULL,NULL,0,0,1,1
851,Kentane,1,2017-07-02 14:46:40.000,1,NULL,NULL,0,0,1,1
852,Qolora Feni,1,2017-07-02 14:46:40.000,1,NULL,NULL,0,0,1,1
853,Nkonkwane A/A,1,2017-07-02 14:46:40.000,1,NULL,NULL,0,0,1,1
854,Zazela Aa,1,2017-07-02 14:46:40.000,1,NULL,NULL,0,0,1,1
855,Zazulwana,1,2017-07-02 14:46:40.000,1,NULL,NULL,0,0,1,1
856,Skiti Location,1,2017-07-02 14:46:40.000,1,NULL,NULL,0,0,1,1
857,Dealesville,1,2017-07-02 14:46:40.000,1,NULL,NULL,0,0,1,1
858,Kimberley,1,2017-07-02 14:46:40.000,1,NULL,NULL,0,0,1,1
859,Kimberley,1,2017-07-02 14:46:40.000,1,NULL,NULL,0,0,1,1
860,Kimberley,1,2017-07-02 14:46:40.000,1,NULL,NULL,0,0,1,1
861,Kimberley,1,2017-07-02 14:46:40.000,1,NULL,NULL,0,0,1,1
862,Bloemfontein,1,2017-07-02 14:46:40.000,1,NULL,NULL,0,0,1,1
863,Cetane RD,1,2017-11-17 04:46:36.000,1,NULL,NULL,1,0000,1,1
864,Gcuwa rd,1,2017-11-17 04:46:36.000,1,NULL,NULL,1,0000,1,1
865,nqamakwe RD,1,2017-11-17 04:46:36.000,1,NULL,NULL,1,0000,1,1
866,Giyani,1,2018-07-02 15:58:11.890,6790,NULL,NULL,NULL,0826,0,NULL
867,Giyani,1,2018-07-19 23:36:49.473,6790,2018-07-19 23:36:49.473,6790,NULL,0826,5,960029
868,Johannesburg,1,2018-07-19 23:36:49.873,6790,2018-07-19 23:36:49.873,6790,NULL,2018,3,798015
869,Midrand,1,2018-07-19 23:36:50.353,6790,2018-07-19 23:36:50.353,6790,NULL,1686,3,798004
870,Butterworth,1,2018-07-19 23:36:51.500,6790,2018-07-19 23:36:51.500,6790,NULL,4962,1,271161
871,Hibiscus Coast NU,1,2018-07-19 23:36:52.147,6790,2018-07-19 23:36:52.147,6790,NULL,4260,4,506003
872,East London,1,2018-07-19 23:36:52.513,6790,2018-07-19 23:36:52.513,6790,NULL,5201,1,260113
873,East London,1,2018-07-19 23:36:53.210,6790,2018-07-19 23:36:53.210,6790,NULL,5201,1,260113
874,Cape Metro,1,2018-07-19 23:36:54.030,6790,2018-07-19 23:36:54.030,6790,NULL,7779,9,199002
875,Mnyameni,1,2018-07-19 23:36:54.423,6790,2018-07-19 23:36:54.423,6790,NULL,4980,1,271458
876,Margate,1,2018-07-19 23:36:55.170,6790,2018-07-19 23:36:55.170,6790,NULL,1470,4,506051
877,Margate,1,2018-07-19 23:36:55.753,6790,2018-07-19 23:36:55.753,6790,NULL,1470,4,506051
878,East London,1,2018-07-19 23:36:56.583,6790,2018-07-19 23:36:56.583,6790,NULL,5201,1,260113
879,East London,1,2018-07-19 23:36:59.367,6790,2018-07-19 23:36:59.367,6790,NULL,5201,1,260113
880,Mthatha,1,2018-07-19 23:36:59.940,6790,2018-07-19 23:36:59.940,6790,NULL,5099,1,294040
881,Butterworth,1,2018-07-19 23:37:00.317,6790,2018-07-19 23:37:00.317,6790,NULL,4962,1,271161
882,Midrand,1,2018-07-19 23:37:01.903,6790,2018-07-19 23:37:01.903,6790,NULL,1686,3,798004
883,Willowvale,1,2018-07-19 23:37:02.347,6790,2018-07-19 23:37:02.347,6790,NULL,5040,1,270550
884,East London,1,2018-07-19 23:37:03.173,6790,2018-07-19 23:37:03.173,6790,NULL,5201,1,260113
885,Gonubie,1,2018-07-19 23:37:03.750,6790,2018-07-19 23:37:03.750,6790,NULL,5257,1,260106
886,Butterworth,1,2018-07-19 23:37:05.030,6790,2018-07-19 23:37:05.030,6790,NULL,4962,1,271161
887,Randburg,1,2018-07-19 23:37:05.687,6790,2018-07-19 23:37:05.687,6790,NULL,2188,3,798016
888,Randburg,1,2018-07-19 23:37:09.940,6790,2018-07-19 23:37:09.940,6790,NULL,2188,3,798016
889,East London,1,2018-07-19 23:37:10.537,6790,2018-07-19 23:37:10.537,6790,NULL,5201,1,260113
890,East London,1,2018-07-19 23:37:11.767,6790,2018-07-19 23:37:11.767,6790,NULL,5201,1,260113
891,Mthatha,1,2018-07-19 23:37:12.150,6790,2018-07-19 23:37:12.150,6790,NULL,5099,1,294040
892,Sandton,1,2018-07-19 23:37:12.740,6790,2018-07-19 23:37:12.740,6790,NULL,2191,3,798013
893,East London,1,2018-07-19 23:37:14.007,6790,2018-07-19 23:37:14.007,6790,NULL,5201,1,260113
894,East London,1,2018-07-19 23:37:14.523,6790,2018-07-19 23:37:14.523,6790,NULL,5201,1,260113
895,Butterworth,1,2018-07-19 23:37:15.130,6790,2018-07-19 23:37:15.130,6790,NULL,4962,1,271161
896,East London,1,2018-07-19 23:37:17.423,6790,2018-07-19 23:37:17.423,6790,NULL,5201,1,260113
897,East London,1,2018-07-19 23:37:18.270,6790,2018-07-19 23:37:18.270,6790,NULL,5201,1,260113
898,Butterworth,1,2018-07-19 23:37:18.807,6790,2018-07-19 23:37:18.807,6790,NULL,4962,1,271161
899,Butterworth,1,2018-07-19 23:37:19.690,6790,2018-07-19 23:37:19.690,6790,NULL,4962,1,271161
900,Butterworth,1,2018-07-19 23:37:20.153,6790,2018-07-19 23:37:20.153,6790,NULL,4962,1,271161
901,Butterworth,1,2018-07-19 23:37:21.350,6790,2018-07-19 23:37:21.350,6790,NULL,4962,1,271161
902,Butterworth,1,2018-07-19 23:37:21.763,6790,2018-07-19 23:37:21.763,6790,NULL,4962,1,271161
903,Idutywa,1,2018-07-19 23:37:22.240,6790,2018-07-19 23:37:22.240,6790,NULL,5000,1,270302
904,Butterworth,1,2018-07-19 23:37:23.547,6790,2018-07-19 23:37:23.547,6790,NULL,4962,1,271161
905,Butterworth,1,2018-07-19 23:37:24.433,6790,2018-07-19 23:37:24.433,6790,NULL,4962,1,271161
906,Butterworth,1,2018-07-19 23:37:25.250,6790,2018-07-19 23:37:25.250,6790,NULL,4962,1,271161
907,Kimberley,1,2018-07-19 23:37:26.360,6790,2018-07-19 23:37:26.360,6790,NULL,8301,8,383006
908,Butterworth,1,2018-07-19 23:37:27.180,6790,2018-07-19 23:37:27.180,6790,NULL,4962,1,271161
909,Butterworth,1,2018-07-19 23:37:27.783,6790,2018-07-19 23:37:27.783,6790,NULL,4962,1,271161
910,Somerset West,1,2018-07-19 23:37:28.897,6790,2018-07-19 23:37:28.897,6790,NULL,7130,9,199045
911,Butterworth,1,2018-07-19 23:37:29.440,6790,2018-07-19 23:37:29.440,6790,NULL,4962,1,271161
912,Butterworth,1,2018-07-19 23:37:30.097,6790,2018-07-19 23:37:30.097,6790,NULL,4962,1,271161
913,Butterworth,1,2018-07-19 23:37:30.470,6790,2018-07-19 23:37:30.470,6790,NULL,4962,1,271161
914,Butterworth,1,2018-07-19 23:37:30.850,6790,2018-07-19 23:37:30.850,6790,NULL,4962,1,271161
915,Sandton,1,2018-07-19 23:37:31.903,6790,2018-07-19 23:37:31.903,6790,NULL,2191,3,798013
916,Sandton,1,2018-07-19 23:37:36.900,6790,2018-07-19 23:37:36.900,6790,NULL,2191,3,798013
917,Sandton,1,2018-07-19 23:37:45.583,6790,2018-07-19 23:37:45.583,6790,NULL,2191,3,798013
918,Tyinirha,1,2018-08-06 16:14:04.173,6790,NULL,NULL,NULL,4990,0,NULL
919,Daantjie,1,2018-08-14 11:26:45.467,6790,NULL,NULL,NULL,1216,0,NULL
920,Ntuzuma,1,2018-08-14 11:26:46.170,6790,NULL,NULL,NULL,4360,0,NULL
921,Bellville,1,2018-08-14 12:08:53.260,6790,NULL,NULL,NULL,7530,0,NULL
922,Boksburg,1,2018-08-15 14:20:12.610,6790,NULL,NULL,NULL,1475,0,NULL
923,Kokstad,1,2018-08-16 16:23:24.563,6790,NULL,NULL,NULL,4700,0,NULL
924,Bloemfontein,1,2018-08-28 09:16:16.597,86,NULL,NULL,0,9300,2,NULL
925,Pretoria,1,2018-09-13 12:34:19.533,6790,NULL,NULL,NULL,799035,3,NULL
926,Port Elizaberth,1,2018-09-13 13:47:56.863,6790,NULL,NULL,NULL,299007,1,NULL
927,Nelson Mandela Bay NU,1,2018-10-31 08:47:01.610,6790,NULL,NULL,NULL,299002,1,NULL
928,Boksburg,1,2018-11-30 23:48:42.400,6790,NULL,NULL,NULL,797010,3,NULL
929,Teko-Kona,1,2018-11-30 23:49:10.680,6790,NULL,NULL,NULL,271263,1,NULL
930,Durban,1,2018-11-30 23:49:11.463,6790,NULL,NULL,NULL,599054,4,NULL
931,Qumbu,1,2018-11-30 23:49:17.590,6790,NULL,NULL,NULL,293131,1,NULL
932,Manzana,1,2018-11-30 23:49:32.230,6790,NULL,NULL,NULL,284287,1,NULL
933,Kokstad,1,2018-11-30 23:50:23.030,6790,NULL,NULL,NULL,596004,4,NULL
934,Langeni,1,2018-11-30 23:51:01.480,6790,NULL,NULL,NULL,292095,1,NULL
935,King William's Town,1,2018-11-30 23:51:04.830,6790,NULL,NULL,NULL,260044,1,NULL
936,Centurion,1,2018-11-30 23:51:37.040,6790,NULL,NULL,NULL,799059,3,NULL
937,Cape Town,1,2018-11-30 23:51:45.197,6790,NULL,NULL,NULL,199041,9,NULL
938,Colosa A,1,2018-11-30 23:51:49.753,6790,NULL,NULL,NULL,270299,1,NULL
939,Doti,1,2018-11-30 23:51:54.940,6790,NULL,NULL,NULL,270301,1,NULL
940,Engcobo NU,1,2018-11-30 23:51:59.940,6790,NULL,NULL,NULL,284004,1,NULL
941,Despatch,1,2018-11-30 23:52:35.297,6790,NULL,NULL,NULL,299004,1,NULL
942,Brackenfell,1,2018-11-30 23:53:51.000,6790,NULL,NULL,NULL,199019,9,NULL
943,Tyinirha,1,2018-11-30 23:54:11.197,6790,NULL,NULL,NULL,271193,1,NULL
944,Motherwell,1,2018-11-30 23:54:22.727,6790,NULL,NULL,NULL,299008,1,NULL
945,Tokoza,1,2018-11-30 23:58:55.620,6790,NULL,NULL,NULL,797030,3,NULL
946,Milnerton,1,2018-11-30 23:59:57.357,6790,NULL,NULL,NULL,199014,9,NULL
947,Gwadu,1,2018-12-01 00:00:04.220,6790,NULL,NULL,NULL,270480,1,NULL
948,Tsomo Mission A,1,2018-12-01 00:01:18.657,6790,NULL,NULL,NULL,282275,1,NULL
949,eMahlubini A,1,2018-12-01 00:06:04.320,6790,NULL,NULL,NULL,271464,1,NULL
950,Edenvale,1,2018-12-01 00:20:25.057,6790,NULL,NULL,NULL,797007,3,NULL
951,Debe Nek,1,2018-12-01 00:34:06.060,6790,NULL,NULL,NULL,273129,1,NULL
952,Kempton Park,1,2018-12-01 00:34:26.733,6790,NULL,NULL,NULL,797006,3,NULL
953,Buffalo City NU,1,2018-12-01 00:34:55.963,6790,NULL,NULL,NULL,260010,1,NULL
954,Thuthurha,1,2018-12-01 00:35:22.743,6790,NULL,NULL,NULL,271401,1,NULL
955,Pietermaritzburg,1,2018-12-01 00:35:23.963,6790,NULL,NULL,NULL,566003,4,NULL
956,Dwarheni,1,2018-12-01 00:35:27.507,6790,NULL,NULL,NULL,271260,1,NULL
957,Ulundi,1,2018-12-01 00:35:32.720,6790,NULL,NULL,NULL,581095,4,NULL
958,Sibangweni,1,2018-12-01 00:35:44.630,6790,NULL,NULL,NULL,292114,1,NULL
959,Peddie,1,2018-12-01 00:37:13.167,6790,NULL,NULL,NULL,274085,1,NULL
960,Empangeni,1,2018-12-01 00:37:13.660,6790,NULL,NULL,NULL,538015,4,NULL
961,Vredenburg,1,2018-12-01 00:37:58.257,6790,NULL,NULL,NULL,163004,9,NULL
962,Port Alfred,1,2018-12-01 00:38:55.570,6790,NULL,NULL,NULL,265007,1,NULL
963,Roodepoort,1,2018-12-01 00:41:12.820,6790,NULL,NULL,NULL,798022,3,NULL
964,Westville,1,2018-12-01 00:41:36.970,6790,NULL,NULL,NULL,599115,4,NULL
965,George,1,2018-12-01 00:41:37.570,6790,NULL,NULL,NULL,177006,9,NULL
966,City of Johannesburg NU,1,2018-12-01 00:41:42.137,6790,NULL,NULL,NULL,798002,3,NULL
967,Upper Mchubakazi,1,2018-12-01 00:41:43.837,6790,NULL,NULL,NULL,271162,1,NULL
968,Mafikeng,1,2018-12-01 00:41:51.687,6790,NULL,NULL,NULL,667020,7,NULL
969,Cwili,1,2018-12-01 00:42:08.570,6790,NULL,NULL,NULL,272003,1,NULL
970,Rabokala,1,2018-12-01 00:42:19.840,6790,NULL,NULL,NULL,661025,7,NULL
971,Zimbane,1,2018-12-01 00:42:23.947,6790,NULL,NULL,NULL,294160,1,NULL
972,GaMolepo,1,2018-12-01 00:45:32.203,6790,NULL,NULL,NULL,974123,5,NULL
973,Daantjie,1,2018-12-01 00:45:37.183,6790,NULL,NULL,NULL,874059,6,NULL
974,Bellville,1,2018-12-01 00:45:38.180,6790,NULL,NULL,NULL,199016,9,NULL
975,Germiston,1,2018-12-01 00:45:39.233,6790,NULL,NULL,NULL,797008,3,NULL
976,Howick,1,2018-12-01 00:49:01.607,6790,NULL,NULL,NULL,563009,4,NULL
977,Mgomanzi,1,2018-12-01 00:49:08.180,6790,NULL,NULL,NULL,271179,1,NULL
978,Vryheid,1,2018-12-01 00:50:24.633,6790,NULL,NULL,NULL,529014,4,NULL
979,Ntuzuma,1,2018-12-01 00:53:14.460,6790,NULL,NULL,NULL,599056,4,NULL
980,Mamfengwini,1,2018-12-01 00:57:53.643,6790,NULL,NULL,NULL,292078,1,NULL
981,Kei Mouth,1,2018-12-01 00:59:40.163,6790,NULL,NULL,NULL,272004,1,NULL
982,Dududu,1,2018-12-01 01:00:04.523,6790,NULL,NULL,NULL,560046,4,NULL
983,Khayamandi,1,2018-12-01 01:01:30.160,6790,NULL,NULL,NULL,167012,9,NULL
984,Lower Mcubakazi,1,2018-12-01 01:01:56.103,6790,NULL,NULL,NULL,271163,1,NULL
985,Mutale Munic NU,1,2018-12-01 01:04:52.083,6790,NULL,NULL,NULL,965002,5,NULL
986,Dutyini,1,2018-12-01 01:05:28.680,6790,NULL,NULL,NULL,296162,1,NULL
987,Makhado,1,2018-12-01 01:10:30.900,6790,NULL,NULL,NULL,968079,5,NULL
988,Qoboqobo,1,2018-12-01 01:12:24.013,6790,NULL,NULL,NULL,271361,1,NULL
989,Mvumelwano,1,2018-12-01 01:12:25.800,6790,NULL,NULL,NULL,293194,1,NULL
990,Jamestown,1,2018-12-07 00:14:54.883,6790,NULL,NULL,NULL,288004,1,NULL
991,Tabase Mission,1,2018-12-21 23:36:34.677,6790,NULL,NULL,NULL,294065,1,NULL
992,Alice,1,2018-12-25 00:46:07.333,6790,NULL,NULL,NULL,276096,1,NULL
993,Elliot,1,2019-01-11 23:35:38.117,6790,NULL,NULL,NULL,285001,1,NULL
994,aMahlongwa,1,2019-01-17 00:32:45.417,6790,NULL,NULL,NULL,561002,4,NULL
995,Gatyana RD,1,2019-01-21 14:54:04.447,2,NULL,NULL,1,0000,1,NULL
996,Mitchells Plain,1,2019-01-23 23:52:13.023,6790,NULL,NULL,NULL,199039,9,NULL
997,Somerset East,1,2019-02-05 00:05:27.823,6790,NULL,NULL,NULL,262003,1,NULL
998,eBakaneni,1,2019-02-05 23:40:46.837,6790,NULL,NULL,NULL,270486,1,NULL
999,Maluti,1,2019-02-20 23:42:52.677,6790,NULL,NULL,NULL,295117,1,NULL
1000,Teko-Springs,1,2019-02-22 00:12:46.500,6790,NULL,NULL,NULL,271331,1,NULL
